"tweetid","userid","user_display_name","user_screen_name","user_reported_location","user_profile_description","user_profile_url","follower_count","following_count","account_creation_date","account_language","tweet_language","tweet_text","tweet_time","tweet_client_name","in_reply_to_tweetid","in_reply_to_userid","quoted_tweet_tweetid","is_retweet","retweet_userid","retweet_tweetid","latitude","longitude","quote_count","reply_count","like_count","retweet_count","hashtags","urls","user_mentions","poll_choices"
"877919995476496385","249064136b1c5cb00a705316ab73dd9b53785748ab757f02df7e7a9876906139","249064136b1c5cb00a705316ab73dd9b53785748ab757f02df7e7a9876906139","249064136b1c5cb00a705316ab73dd9b53785748ab757f02df7e7a9876906139","–ú–æ—Å–∫–≤–∞, –†–æ—Å—Å–∏—è","–Ø –ø—Ä–∏–º–µ—Ä–Ω—ã–π —Å–µ–º—å—è–Ω–∏–Ω!","","132","120","2013-12-07","ru","ru","RT @ruopentwit: ‚ö°Ô∏è–£ –ù–ê–° –ù–û–í–û–ï –í–ò–î–ï–û! –ê–º–µ—Ä–∏–∫–∞–Ω–µ—Ü: ""–ï—Å–ª–∏ –±—ã –Ω–µ 27 –º–∏–ª–ª–∏–æ–Ω–æ–≤ —Ä—É—Å—Å–∫–∏—Ö, —è –±—ã —Å–µ–π—á–∞—Å –≥–æ–≤–æ—Ä–∏–ª –ø–æ-–Ω–µ–º–µ—Ü–∫–∏"" https://t.co/mAcCirn4o1‚Ä¶","2017-06-22 16:03","TweetDeck","","","","true","2572896396","877917212119416832","","","0","0","0","0","[]","[http://ru-open.livejournal.com/374284.html]","[2572896396]",""
"492388766930444288","0974d5dbee4ca9bd6c3b46d62a5cbdbd5c0d86e196b624dbfc7d18cf17b3eab5","0974d5dbee4ca9bd6c3b46d62a5cbdbd5c0d86e196b624dbfc7d18cf17b3eab5","0974d5dbee4ca9bd6c3b46d62a5cbdbd5c0d86e196b624dbfc7d18cf17b3eab5","–†–æ—Å—Å–∏—è","–¢–µ–ª–µ—Ñ–æ–Ω–∏—Å—Ç .–ò–∑—É—á–µ–Ω–∏–µ –∏—Å—Ç–æ—Ä–∏–∏   –ò–≥—Ä–∞ –≤ –ª—é–±–∏—Ç–µ–ª—å—Å–∫–æ–º —Ç–µ–∞—Ç—Ä–µ  -  –í–æ–∑–¥—É—à–Ω—ã–µ –∑–º–µ–∏ ,","","74","8","2014-03-15","en","ru","–°–µ—Ä–µ–±—Ä–æ–º –æ—Ç–∫–æ–ª–æ–∫–æ–ª–∏–ª–æ http://t.co/Jaa4v4IFpM","2014-07-24 19:20","generationœÄ","","","","false","","","","","0","0","0","0","","[http://pyypilg33.livejournal.com/11069.html]","",""
"719455077589721089","bda40f262856eee77c48a332e5eb23bc4f1943d600867d4194d89b1235b17ee0","bda40f262856eee77c48a332e5eb23bc4f1943d600867d4194d89b1235b17ee0","bda40f262856eee77c48a332e5eb23bc4f1943d600867d4194d89b1235b17ee0","–†—è–∑–∞–Ω—å","–≤–æ–ª–Ω—ã —Ç–∞–∫ –∏ –ø–ª–µ—â—É—Ç —Ñ–∏–æ–ª–µ—Ç–æ–≤–æ–π –≤–æ–ª–Ω–æ–π","","165","454","2014-04-29","en","bg","@kpru –°-300 –≤ –ò—Ä–∞–Ω–µ https://t.co/elnu3qLUW7","2016-04-11 09:20","TweetDeck","719439882993545216","40807205","","false","","","","","0","0","0","0","[]","[https://www.youtube.com/watch?v=9GvpImWxTJc]","[40807205]",""
"536179342423105537","bda40f262856eee77c48a332e5eb23bc4f1943d600867d4194d89b1235b17ee0","bda40f262856eee77c48a332e5eb23bc4f1943d600867d4194d89b1235b17ee0","bda40f262856eee77c48a332e5eb23bc4f1943d600867d4194d89b1235b17ee0","–†—è–∑–∞–Ω—å","–≤–æ–ª–Ω—ã —Ç–∞–∫ –∏ –ø–ª–µ—â—É—Ç —Ñ–∏–æ–ª–µ—Ç–æ–≤–æ–π –≤–æ–ª–Ω–æ–π","","165","454","2014-04-29","en","ru","–ü—Ä–µ–¥–ª–∞–≥–∞—é —Å—É–¥–∏—Ç—å –∏—Ö –∑–∞ –ø–æ–¥–¥–µ—Ä–∂–∫—É –Ω–∞—Ü–∏–∑–º–∞, —Ç.–∫. –æ–Ω–∏ –æ—Ç–∫–∞–∑–∞–ª–∏—Å—å –µ–≥–æ –æ—Å—É–∂–¥–∞—Ç—å!! #STOPNazi","2014-11-22 15:28","Twitter Web Client","","","","false","","","","","0","0","0","0","[STOPNazi]","","",""
"841410788409630720","a53ed619f1dea6015c7c878bf744b0eefe8f7272dccf340e69363f596ad9551e","a53ed619f1dea6015c7c878bf744b0eefe8f7272dccf340e69363f596ad9551e","a53ed619f1dea6015c7c878bf744b0eefe8f7272dccf340e69363f596ad9551e","","–û—Ç–≤–µ—á–∞—é –Ω–∞ –ª—é–±–æ–π #–í–æ–ø—Ä–æ—Å–ü—Ä–µ–∑–∏–¥–µ–Ω—Ç—É","http://t.co/3CVqbMQFbf","4430","4413","2012-02-25","ru","bg","–ü—Ä–µ–¥–æ—Å—Ç–µ—Ä–µ–∂–µ–Ω–∏–µ –∞–º–µ—Ä–∏–∫–∞–Ω—Å–∫–æ–≥–æ –¥–∏–ø–ª–æ–º–∞—Ç–∞ https://t.co/fKPBVgIoVc","2017-03-13 22:08","Twitter Web Client","","","","false","","","","","0","0","3","4","[]","[https://goo.gl/fBp94X]","",""
"834365760776630272","a53ed619f1dea6015c7c878bf744b0eefe8f7272dccf340e69363f596ad9551e","a53ed619f1dea6015c7c878bf744b0eefe8f7272dccf340e69363f596ad9551e","a53ed619f1dea6015c7c878bf744b0eefe8f7272dccf340e69363f596ad9551e","","–û—Ç–≤–µ—á–∞—é –Ω–∞ –ª—é–±–æ–π #–í–æ–ø—Ä–æ—Å–ü—Ä–µ–∑–∏–¥–µ–Ω—Ç—É","http://t.co/3CVqbMQFbf","4430","4413","2012-02-25","ru","ru","–î–≤–æ–π–Ω–∞—è —É—Ç–æ–ø–∏—è, –∏–ª–∏ –ù–µ—Ç —É –ï–≤—Ä–æ–ø—ã –¢—Ä–∞–º–ø–∞, –∫—Ä–æ–º–µ –ü—É—Ç–∏–Ω–∞ https://t.co/MbxCpuLdDl","2017-02-22 11:34","Twitter Web Client","","","","false","","","","","0","0","3","5","[]","[https://goo.gl/9w5hso]","",""
"577490527299457024","95b3aba6b9140f5dda993148de174ff57d62f4a6e68e886a1927a130b328e14f","95b3aba6b9140f5dda993148de174ff57d62f4a6e68e886a1927a130b328e14f","95b3aba6b9140f5dda993148de174ff57d62f4a6e68e886a1927a130b328e14f","–º–æ–π –º–∏—Ä","my story - TV nerd","","296","492","2013-12-20","ru","ru","RT @harkovnews: –ù–∞ –•–∞—Ä—å–∫–æ–≤—â–∏–Ω–µ –∑–∞–¥–µ—Ä–∂–∞–ª–∏ —Ñ—É—Ä—É —Å —Ç–æ–Ω–Ω–∞–º–∏ –ø–æ–¥–¥–µ–ª—å–Ω–æ–π –≤–æ–¥–∫–∏ http://t.co/4FqBwRaaED http://t.co/3NspkvGao1","2015-03-16 15:24","slovoslav","","","","true","2599775719","577485402124111872","","","0","0","0","0","[]","[http://nahnews.com.ua/180774-na-xarkovshhine-zaderzhali-furu-s-tonnami-poddelnoj-vodki/]","[2599775719]",""
"596522755379560448","5744c546bdf9e81ea0aad223c9db4b702ccba7c81d4c11dc775963f7bcb63ea7","5744c546bdf9e81ea0aad223c9db4b702ccba7c81d4c11dc775963f7bcb63ea7","5744c546bdf9e81ea0aad223c9db4b702ccba7c81d4c11dc775963f7bcb63ea7","–ö–∞–∑–∞–Ω—å","–ø—É—Å—Ç—å –∑–∞ –º–µ–Ω—è –≥–æ–≤–æ—Ä—è—Ç –º–æ–∏ —Ç–≤–∏—Ç—Ç—ã","","375","2067","2014-03-22","ru","ru","RT @NovostiNsk: ¬´–ú—ã –≤—Å–µ —Ä–∞–≤–Ω—ã –≤ —Å–≤–æ–µ–º –ø—Ä–∞–≤–µ –Ω–∞ –≥–æ—Ä–æ–¥¬ª http://t.co/SQpuP45mDv","2015-05-08 03:51","meceslav","","","","true","2518710111","596514222684524545","","","0","0","0","0","[]","[http://bit.ly/1Rizso9]","[2518710111]",""
"567357519547207680","2b0d7525bed1df5119b7956f9be4888b45686172d68006a90634e87952eb45d3","2b0d7525bed1df5119b7956f9be4888b45686172d68006a90634e87952eb45d3","2b0d7525bed1df5119b7956f9be4888b45686172d68006a90634e87952eb45d3","California","Troublemaker","","696","863","2013-08-06","en","en","As sun and cloud give way to moon and shadow, the rhythm of the world makes itself apparent, saying, have faith in yourself, you are this.","2015-02-16 16:19","Twitter Web Client","","","","false","","","","","0","0","0","0","","","",""
"665533117369876480","b88fd4fc4b169f0a98eb38d3f5ef72a1eb3f6861cb3e81c838675c1c5add8940","b88fd4fc4b169f0a98eb38d3f5ef72a1eb3f6861cb3e81c838675c1c5add8940","b88fd4fc4b169f0a98eb38d3f5ef72a1eb3f6861cb3e81c838675c1c5add8940","–ú–æ—Å–∫–≤–∞","","","218","450","2014-05-11","en","ru","RT @vesti_news: –®–æ–π–≥—É: –Ω–µ–æ–±—Ö–æ–¥–∏–º–æ —Å–∫–æ–æ—Ä–¥–∏–Ω–∏—Ä–æ–≤–∞—Ç—å —É—Å–∏–ª–∏—è –ø–æ –±–æ—Ä—å–±–µ —Å —Ç–µ—Ä—Ä–æ—Ä–∏–∑–º–æ–º https://t.co/DUOYRONWlF","2015-11-14 14:13","iziaslav","","","","true","72525490","665522169724739584","","","0","0","0","0","[]","[http://vesti.ru/t?2686779]","[72525490]",""
"493894187079974912","be1e8e099e93fe0964c1184173f038c7413def3baf38efa391b2d0fd943b2beb","be1e8e099e93fe0964c1184173f038c7413def3baf38efa391b2d0fd943b2beb","be1e8e099e93fe0964c1184173f038c7413def3baf38efa391b2d0fd943b2beb","NY","","","103","218","2014-03-24","en","en","Down in the comfort of strangers, I...","2014-07-28 23:02","vavilonX","","","","false","","","","","0","0","0","0","","","",""
"493688319902220288","be1e8e099e93fe0964c1184173f038c7413def3baf38efa391b2d0fd943b2beb","be1e8e099e93fe0964c1184173f038c7413def3baf38efa391b2d0fd943b2beb","be1e8e099e93fe0964c1184173f038c7413def3baf38efa391b2d0fd943b2beb","NY","","","103","218","2014-03-24","en","en","Im laughing more than i should #USA","2014-07-28 09:24","vavilonX","","","","false","","","","","0","0","0","0","[USA]","","",""
"497543470211678209","be1e8e099e93fe0964c1184173f038c7413def3baf38efa391b2d0fd943b2beb","be1e8e099e93fe0964c1184173f038c7413def3baf38efa391b2d0fd943b2beb","be1e8e099e93fe0964c1184173f038c7413def3baf38efa391b2d0fd943b2beb","NY","","","103","218","2014-03-24","en","en","No, I'm not saying I'm sorry","2014-08-08 00:43","vavilonX","","","","false","","","","","0","0","0","0","","","",""
"701008777001107457","f9dded769bb2275fc6531c1b4d10cf05272c48806fbd73265ef318fac0a22962","f9dded769bb2275fc6531c1b4d10cf05272c48806fbd73265ef318fac0a22962","f9dded769bb2275fc6531c1b4d10cf05272c48806fbd73265ef318fac0a22962","","","","86","279","2015-09-28","ru","ru","–ì–µ–Ω–ø—Ä–æ–∫—É—Ä–∞—Ç—É—Ä–∞ –Ω–∞–∑–≤–∞–ª–∞ –≤–∑–Ω–æ—Å—ã –Ω–∞ –∫–∞–ø—Ä–µ–º–æ–Ω—Ç –Ω–µ–∫–æ–Ω—Å—Ç–∏—Ç—É—Ü–∏–æ–Ω–Ω—ã–º–∏ https://t.co/IOiSR4kssB","2016-02-20 11:41","twitterfeed","","","","false","","","","","0","0","0","0","[]","[http://bit.ly/1PMZqPI]","",""
"725740300065366016","f9dded769bb2275fc6531c1b4d10cf05272c48806fbd73265ef318fac0a22962","f9dded769bb2275fc6531c1b4d10cf05272c48806fbd73265ef318fac0a22962","f9dded769bb2275fc6531c1b4d10cf05272c48806fbd73265ef318fac0a22962","","","","86","279","2015-09-28","ru","ru","–ö–∏—Ä–æ–≤—Å–∫–∏–π –ø–∞—Å—Ö–∞–ª—å–Ω—ã–π –æ–±–µ–¥ –æ–¥–∏–Ω –∏–∑ —Å–∞–º—ã—Ö –¥–µ—à–µ–≤—ã—Ö –≤ —Å—Ç—Ä–∞–Ω–µ https://t.co/11se2vaZJS","2016-04-28 17:35","twitterfeed","","","","false","","","","","0","0","0","0","[]","[http://bit.ly/1qYzyIL]","",""
"704248884072046592","f9dded769bb2275fc6531c1b4d10cf05272c48806fbd73265ef318fac0a22962","f9dded769bb2275fc6531c1b4d10cf05272c48806fbd73265ef318fac0a22962","f9dded769bb2275fc6531c1b4d10cf05272c48806fbd73265ef318fac0a22962","","","","86","279","2015-09-28","ru","ru","–í –ö–∏—Ä–æ–≤–µ –Ω–∞ –¥–≤–∞ –º–µ—Å—è—Ü–∞ –±—É–¥–µ—Ç –æ–≥—Ä–∞–Ω–∏—á–µ–Ω–æ –¥–≤–∏–∂–µ–Ω–∏–µ –ø–æ —É–ª–∏—Ü–µ –ö–æ–ª—å—Ü–æ–≤–∞ https://t.co/iRT0jWIS9z","2016-02-29 10:16","twitterfeed","","","","false","","","","","0","0","0","0","[]","[http://bit.ly/1TK58o0]","",""
"710845825622999040","f9dded769bb2275fc6531c1b4d10cf05272c48806fbd73265ef318fac0a22962","f9dded769bb2275fc6531c1b4d10cf05272c48806fbd73265ef318fac0a22962","f9dded769bb2275fc6531c1b4d10cf05272c48806fbd73265ef318fac0a22962","","","","86","279","2015-09-28","ru","ru","–ü—è—Ç–Ω–∏—Ü–∞ –≤ –ö–∏—Ä–æ–≤–µ: —Å–æ–ª–Ω–µ—á–Ω—ã–π —á–∞–π –∏ –ª—é–±–∏–º–æ–µ –∑–∞–Ω—è—Ç–∏–µ https://t.co/jATZrjoAdy","2016-03-18 15:10","twitterfeed","","","","false","","","","","0","0","0","0","[]","[http://bit.ly/22rNBnQ]","",""
"648955031081758720","f9dded769bb2275fc6531c1b4d10cf05272c48806fbd73265ef318fac0a22962","f9dded769bb2275fc6531c1b4d10cf05272c48806fbd73265ef318fac0a22962","f9dded769bb2275fc6531c1b4d10cf05272c48806fbd73265ef318fac0a22962","","","","86","279","2015-09-28","ru","ru","–ò–Ω—Å—Ç–∞–ö–∏—Ä–æ–≤: —Ç–æ–ø –ø—Ä–æ–∫–∞—á–∞–Ω–Ω—ã—Ö –ø–∞—Ä–Ω–µ–π –≤ —Å–ø–æ—Ä—Ç–∑–∞–ª–µ http://t.co/q45lGEaHla","2015-09-29 20:18","twitterfeed","","","","false","","","","","0","0","0","0","[]","[http://bit.ly/1h8fA98]","",""
"704222907304534016","f9dded769bb2275fc6531c1b4d10cf05272c48806fbd73265ef318fac0a22962","f9dded769bb2275fc6531c1b4d10cf05272c48806fbd73265ef318fac0a22962","f9dded769bb2275fc6531c1b4d10cf05272c48806fbd73265ef318fac0a22962","","","","86","279","2015-09-28","ru","ru","–ß—Ç–æ –æ–±—Å—É–∂–¥–∞—é—Ç –≤ –ö–∏—Ä–æ–≤–µ: —É–±–∏–π—Å—Ç–≤–æ –∂–µ–Ω—â–∏–Ω—ã –∏ –∫–æ–Ω—Ü–µ—Ä—Ç ""–ê—Ä–∏–∏"" https://t.co/MUhZaTSXAA","2016-02-29 08:33","twitterfeed","","","","false","","","","","0","0","0","0","[]","[http://bit.ly/1pjYCsY]","",""
"860151003752132609","f9dded769bb2275fc6531c1b4d10cf05272c48806fbd73265ef318fac0a22962","f9dded769bb2275fc6531c1b4d10cf05272c48806fbd73265ef318fac0a22962","f9dded769bb2275fc6531c1b4d10cf05272c48806fbd73265ef318fac0a22962","","","","86","279","2015-09-28","ru","ru","–í –º—É–∑–µ–µ –¶–∏–æ–ª–∫–æ–≤—Å–∫–æ–≥–æ –æ—Ç–∫—Ä—ã–ª–∞—Å—å –≤—ã—Å—Ç–∞–≤–∫–∞, –ø–æ—Å–≤—è—â–µ–Ω–Ω–∞—è –Ω–∞—à–µ–º—É –∑–µ–º–ª—è–∫—É –Æ—Ä–∏—é –¢—É—Ö–∞—Ä–∏–Ω–æ–≤—É https://t.co/T3BR53yu7B https://t.co/WDDkBworPE","2017-05-04 15:15","Twitter Web Client","","","","false","","","","","0","0","0","0","[]","[https://goo.gl/cxchK2]","",""
"918116356117139459","f9dded769bb2275fc6531c1b4d10cf05272c48806fbd73265ef318fac0a22962","f9dded769bb2275fc6531c1b4d10cf05272c48806fbd73265ef318fac0a22962","f9dded769bb2275fc6531c1b4d10cf05272c48806fbd73265ef318fac0a22962","","","","86","279","2015-09-28","ru","ru","–ñ–∏—Ç–µ–ª—è –ö–∏—Ä–æ–≤–∞ –ø–æ–¥–æ–∑—Ä–µ–≤–∞—é—Ç –≤ —Ä–∞–∑–≤—Ä–∞—Ç–Ω—ã—Ö –¥–µ–π—Å—Ç–≤–∏—è—Ö –≤ –æ—Ç–Ω–æ—à–µ–Ω–∏–∏ 14-–ª–µ—Ç–Ω–∏—Ö –¥–µ–≤–æ—á–µ–∫. https://t.co/uyfYtmWu1Y https://t.co/9waMXvKHdz","2017-10-11 14:09","Twitter Web Client","","","","false","","","","","0","0","0","0","[]","[https://goo.gl/3W1BDT]","",""
"691214524355989504","f9dded769bb2275fc6531c1b4d10cf05272c48806fbd73265ef318fac0a22962","f9dded769bb2275fc6531c1b4d10cf05272c48806fbd73265ef318fac0a22962","f9dded769bb2275fc6531c1b4d10cf05272c48806fbd73265ef318fac0a22962","","","","86","279","2015-09-28","ru","ru","–ü–µ—Ä–µ–Ω–µ—Å–µ–Ω–∞ –¥–∞—Ç–∞ –ø—Ä–µ–º—å–µ—Ä—ã VIII —ç–ø–∏–∑–æ–¥–∞ ""–ó–≤–µ–∑–¥–Ω—ã—Ö –≤–æ–π–Ω"": –∫–æ–≥–¥–∞ –∫–∏—Ä–æ–≤—á–∞–Ω–µ —É–≤–∏–¥—è—Ç –ø—Ä–æ–¥–æ–ª–∂–µ–Ω–∏–µ –∫—É–ª—å—Ç–æ–≤–æ–π —Å–∞–≥–∏? https://t.co/MYWQq7Qucg","2016-01-24 11:02","twitterfeed","","","","false","","","","","0","0","0","0","[]","[http://bit.ly/1ZW60eL]","",""
"840098934777290753","f9dded769bb2275fc6531c1b4d10cf05272c48806fbd73265ef318fac0a22962","f9dded769bb2275fc6531c1b4d10cf05272c48806fbd73265ef318fac0a22962","f9dded769bb2275fc6531c1b4d10cf05272c48806fbd73265ef318fac0a22962","","","","86","279","2015-09-28","ru","ru","–ü—è—Ç—å –∫–∏—Ä–æ–≤—á–∞–Ω–æ–∫ –ø–æ—Å—Ç—Ä–∞–¥–∞–ª–∏ –ø–æ—Å–ª–µ –∑–Ω–∞–∫–æ–º—Å—Ç–≤–∞ –≤ —Å–æ—Ü–∏–∞–ª—å–Ω—ã—Ö —Å–µ—Ç—è—Ö https://t.co/xUEDqmoToN https://t.co/6kN7eBB5Tp","2017-03-10 07:16","dlvr.it","","","","false","","","","","0","0","0","0","[]","[http://dlvr.it/Nb8xqd]","",""
"854972200209661952","f9dded769bb2275fc6531c1b4d10cf05272c48806fbd73265ef318fac0a22962","f9dded769bb2275fc6531c1b4d10cf05272c48806fbd73265ef318fac0a22962","f9dded769bb2275fc6531c1b4d10cf05272c48806fbd73265ef318fac0a22962","","","","86","279","2015-09-28","ru","ru","–ü—Ä–æ–±–ª–µ–º–Ω—ã–π —É—á–∞—Å—Ç–æ–∫ –ø–æ –£–∫—Ä–∞–∏–Ω—Å–∫–æ–π –æ—Ç–¥–∞–Ω –Ω–∞ –∫–æ–Ω—Ç—Ä–æ–ª—å –î–î–• https://t.co/ngYMATXm1y","2017-04-20 08:17","dlvr.it","","","","false","","","","","0","0","0","0","[]","[http://dlvr.it/NxBKlR]","",""
"902799345610743808","f9dded769bb2275fc6531c1b4d10cf05272c48806fbd73265ef318fac0a22962","f9dded769bb2275fc6531c1b4d10cf05272c48806fbd73265ef318fac0a22962","f9dded769bb2275fc6531c1b4d10cf05272c48806fbd73265ef318fac0a22962","","","","86","279","2015-09-28","ru","ru","–†–µ–º–æ–Ω—Ç –¥–≤–æ—Ä–æ–≤ –Ω–∞ —É–ª–∏—Ü–µ –ü–∞–≤–ª–∞ –ö–æ—Ä—á–∞–≥–∏–Ω–∞ https://t.co/iqPhwAxMsJ https://t.co/JuysCOWBfk","2017-08-30 07:45","dlvr.it","","","","false","","","","","0","0","0","0","[]","[http://dlvr.it/PjZQ1z]","",""
"845189910118084610","f9dded769bb2275fc6531c1b4d10cf05272c48806fbd73265ef318fac0a22962","f9dded769bb2275fc6531c1b4d10cf05272c48806fbd73265ef318fac0a22962","f9dded769bb2275fc6531c1b4d10cf05272c48806fbd73265ef318fac0a22962","","","","86","279","2015-09-28","ru","ru","–ß–∏–Ω–æ–≤–Ω–∏–∫ –∞–¥–º–∏–Ω–∏—Å—Ç—Ä–∞—Ü–∏–∏ –û–ø–∞—Ä–∏–Ω—Å–∫–æ–≥–æ —Ä–∞–π–æ–Ω–∞ –≤ –Ω–∞—Ä—É—à–µ–Ω–∏–∏ –∑–∞–∫–æ–Ω–∞ –∑–∞–Ω–∏–º–∞–ª—Å—è –±–∏–∑–Ω–µ—Å–æ–º. https://t.co/XcRHJb2a3k https://t.co/1dH6mr9obB","2017-03-24 08:25","Twitter Web Client","","","","false","","","","","0","0","0","0","[]","[https://goo.gl/MplXgE]","",""
"844663701512867840","f9dded769bb2275fc6531c1b4d10cf05272c48806fbd73265ef318fac0a22962","f9dded769bb2275fc6531c1b4d10cf05272c48806fbd73265ef318fac0a22962","f9dded769bb2275fc6531c1b4d10cf05272c48806fbd73265ef318fac0a22962","","","","86","279","2015-09-28","ru","ru","–£–≥–æ–ª–æ–≤–Ω–æ–µ –¥–µ–ª–æ –æ–± —É–±–∏–π—Å—Ç–≤–µ —Ä–∏—ç–ª—Ç–æ—Ä–∞ –≤ –ö–∏—Ä–æ–≤–æ-–ß–µ–ø–µ—Ü–∫–µ —É—à–ª–æ –≤ —Å—É–¥ https://t.co/z2zWonxWRU https://t.co/8Imnn3BBd6","2017-03-22 21:34","Twitter Web Client","","","","false","","","","","0","0","0","0","[]","[https://goo.gl/vC26US]","",""
"892447542809550848","f9dded769bb2275fc6531c1b4d10cf05272c48806fbd73265ef318fac0a22962","f9dded769bb2275fc6531c1b4d10cf05272c48806fbd73265ef318fac0a22962","f9dded769bb2275fc6531c1b4d10cf05272c48806fbd73265ef318fac0a22962","","","","86","279","2015-09-28","ru","ru","–í–µ—Ä—Ç–æ–ª–µ—Ç–Ω–∞—è –ø–ª–æ—â–∞–¥–∫–∞ –≤ –ú—É—Ä–∞—à–∞—Ö https://t.co/cuKFGSz740 https://t.co/LLVpeFyCmN","2017-08-01 18:10","dlvr.it","","","","false","","","","","0","0","0","0","[]","[http://dlvr.it/Pb4w8b]","",""
"911129988069449730","f9dded769bb2275fc6531c1b4d10cf05272c48806fbd73265ef318fac0a22962","f9dded769bb2275fc6531c1b4d10cf05272c48806fbd73265ef318fac0a22962","f9dded769bb2275fc6531c1b4d10cf05272c48806fbd73265ef318fac0a22962","","","","86","279","2015-09-28","ru","ru","–°—É—Ö–æ, –Ω–æ —Ö–æ–ª–æ–¥–Ω–æ. –í—ã—Ö–æ–¥–Ω—ã–µ –≤ –ö–∏—Ä–æ–≤–µ –æ–±–µ—â–∞—é—Ç –±—ã—Ç—å –ø–æ-–Ω–∞—Å—Ç–æ—è—â–µ–º—É –æ—Å–µ–Ω–Ω–∏–º–∏ https://t.co/udNZM1r35k https://t.co/Bl310DXgug","2017-09-22 07:28","dlvr.it","","","","false","","","","","0","0","0","0","[]","[http://dlvr.it/Ppg179]","",""
"651155119916998658","3749844202","–í–µ—Å—Ç–Ω–∏–∫ –í–æ–ª–≥–æ–≥—Ä–∞–¥–∞","NovostiVolga","–í–æ–ª–≥–æ–≥—Ä–∞–¥, –†–æ—Å—Å–∏—è","–¢—Ä–∞–¥–∏—Ü–∏–∏. –ò—Å—Ç–æ—Ä–∏—è. –ù–∞—Å–ª–µ–¥–∏–µ. #–í–æ–ª–≥–æ–≥—Ä–∞–¥ #–°—Ç–∞–ª–∏–Ω–≥—Ä–∞–¥ #Vlg #–ù–æ–≤–æ—Å—Ç–∏","https://t.co/CSP9JHi5vU","47296","728","2015-09-23","en-gb","ru","–°–µ—Ä–≥–µ–π –ì–æ—Ä–Ω—è–∫–æ–≤ –ø—Ä–æ–≤–µ–ª –ø—Ä–∏–µ–º –≥—Ä–∞–∂–¥–∞–Ω –≤ –£—Ä—é–ø–∏–Ω—Å–∫–µ http://t.co/r7q9mteczQ","2015-10-05 22:00","twitterfeed","","","","false","","","","","0","0","0","0","[]","[http://bit.ly/1Q2j6Oq]","",""
"740415585280872448","3749844202","–í–µ—Å—Ç–Ω–∏–∫ –í–æ–ª–≥–æ–≥—Ä–∞–¥–∞","NovostiVolga","–í–æ–ª–≥–æ–≥—Ä–∞–¥, –†–æ—Å—Å–∏—è","–¢—Ä–∞–¥–∏—Ü–∏–∏. –ò—Å—Ç–æ—Ä–∏—è. –ù–∞—Å–ª–µ–¥–∏–µ. #–í–æ–ª–≥–æ–≥—Ä–∞–¥ #–°—Ç–∞–ª–∏–Ω–≥—Ä–∞–¥ #Vlg #–ù–æ–≤–æ—Å—Ç–∏","https://t.co/CSP9JHi5vU","47296","728","2015-09-23","en-gb","und","#–≤–æ–ª–≥–æ–≥—Ä–∞–¥ #—Å—Ç–∞–ª–∏–Ω–≥—Ä–∞–¥ https://t.co/RCoCV12FP0","2016-06-08 05:30","TweetDeck","","","","false","","","","","0","0","1","3","[–≤–æ–ª–≥–æ–≥—Ä–∞–¥, —Å—Ç–∞–ª–∏–Ω–≥—Ä–∞–¥]","[]","",""
"830446303968632832","3749844202","–í–µ—Å—Ç–Ω–∏–∫ –í–æ–ª–≥–æ–≥—Ä–∞–¥–∞","NovostiVolga","–í–æ–ª–≥–æ–≥—Ä–∞–¥, –†–æ—Å—Å–∏—è","–¢—Ä–∞–¥–∏—Ü–∏–∏. –ò—Å—Ç–æ—Ä–∏—è. –ù–∞—Å–ª–µ–¥–∏–µ. #–í–æ–ª–≥–æ–≥—Ä–∞–¥ #–°—Ç–∞–ª–∏–Ω–≥—Ä–∞–¥ #Vlg #–ù–æ–≤–æ—Å—Ç–∏","https://t.co/CSP9JHi5vU","47296","728","2015-09-23","en-gb","ru","–ö—Ä–∞—Å–æ—Ç–∞ –Ω–∞—à–µ–≥–æ –∫—Ä–∞—è https://t.co/4zMKgdCpYp","2017-02-11 16:00","TweetDeck","","","","false","","","","","0","0","6","1","[]","[]","",""
"500956712657223680","004c1875a5f3a8ddfd2044b857a81c5d458882ac5cdf673d4e1840ca1ae476fa","004c1875a5f3a8ddfd2044b857a81c5d458882ac5cdf673d4e1840ca1ae476fa","004c1875a5f3a8ddfd2044b857a81c5d458882ac5cdf673d4e1840ca1ae476fa","New York","","","63","77","2014-05-23","en","en","Laugh it all off in your face","2014-08-17 10:46","vavilonX","","","","false","","","","","0","0","0","0","","","",""
"548763776267218944","fbcdcdebd0a2cf3481ac7922a439d2fbb363cfd10d7dbeb05dd76dde521e97ce","fbcdcdebd0a2cf3481ac7922a439d2fbb363cfd10d7dbeb05dd76dde521e97ce","fbcdcdebd0a2cf3481ac7922a439d2fbb363cfd10d7dbeb05dd76dde521e97ce","USA","I am a conservative. I love, dogs, books, antiques, American history, the Constitution and all those amendments #InGodWeTrust #tcot #RedNationRising","","333","279","2014-06-20","en","en","It takes courage to make a fool of yourself. ‚Äì Charlie Chaplin","2014-12-27 08:54","Twitter Web Client","","","","false","","","","","0","0","0","0","","","",""
"577477794218668032","212f2a2c1880216604c2d4d41b8bc6e8c1f2eec545580f8233913ee82aae0379","212f2a2c1880216604c2d4d41b8bc6e8c1f2eec545580f8233913ee82aae0379","212f2a2c1880216604c2d4d41b8bc6e8c1f2eec545580f8233913ee82aae0379","USA","Plus-size model","","265","442","2013-08-04","en","en","I want to be normal and live with a boyfriend","2015-03-16 14:33","Twitter Web Client","","","","false","","","","","0","0","0","0","[]","[]","",""
"586344285202558976","212f2a2c1880216604c2d4d41b8bc6e8c1f2eec545580f8233913ee82aae0379","212f2a2c1880216604c2d4d41b8bc6e8c1f2eec545580f8233913ee82aae0379","212f2a2c1880216604c2d4d41b8bc6e8c1f2eec545580f8233913ee82aae0379","USA","Plus-size model","","265","442","2013-08-04","en","pl","Stop police brutality! #IAmWalter","2015-04-10 01:45","Twitter Web Client","","","","false","","","","","0","0","1","0","[IAmWalter]","[]","",""
"571059911012061184","d73d76d5d4b474ab742c52f16b438e7cc29830aa03b9278310151c366efc4773","d73d76d5d4b474ab742c52f16b438e7cc29830aa03b9278310151c366efc4773","d73d76d5d4b474ab742c52f16b438e7cc29830aa03b9278310151c366efc4773","–°–ü–ë","–¢—É—Ä–∏–∑–º, –°–∏–Ω—è—è –ø—Ç–∏—Ü–∞ +","","454","465","2014-03-24","ru","ru","RT @vesti_news: –ü–æ–ª–æ–∂–µ–Ω–∏–µ –æ–±—è–∑—ã–≤–∞–µ—Ç: —Å–∫–æ–ª—å–∫–æ —á–∏–Ω–æ–≤–Ω–∏–∫–æ–≤ –Ω–∞–¥–æ —É–≤–æ–ª–∏—Ç—å, —á—Ç–æ–±—ã –ø–æ–±–µ–¥–∏—Ç—å –∫—Ä–∏–∑–∏—Å http://t.co/ktRpaCmHPM","2015-02-26 21:31","bronislav","","","","true","72525490","570982880706490370","","","0","0","0","0","[]","[http://vesti.ru/t?2384794]","[72525490]",""
"499134610291564544","49b96aaff819fb699c90b5ac196806e79678d449831c42a126d571bf6f3a8631","49b96aaff819fb699c90b5ac196806e79678d449831c42a126d571bf6f3a8631","49b96aaff819fb699c90b5ac196806e79678d449831c42a126d571bf6f3a8631","–ú–æ—Å–∫–≤–∞","—É—á—É—Å—å, —Ä–∞–±–æ—Ç–∞—é, –∂–∏–≤—É","","244","1863","2013-11-07","ru","ru","RT @svezhiyVozduh: –ò–∑ –ù–∞—Ä–æ-–§–æ–º–∏–Ω—Å–∫–∞ –Ω–∞ —é–≥–æ-–≤–æ—Å—Ç–æ–∫ –£–∫—Ä–∞–∏–Ω—ã –≤—ã–¥–≤–∏–Ω—É–ª—Å—è #–ì—É–º–∞–Ω–∏—Ç–∞—Ä–Ω—ã–π–ö–æ–Ω–≤–æ–π #–ø–æ–º–æ—â—å—É–∫—Ä–∞–∏–Ω–µ http://t.co/9yck4vAtpr","2014-08-12 10:05","TweetDeck","","","","true","2684938206","499126024211533824","","","0","0","0","0","[–ì—É–º–∞–Ω–∏—Ç–∞—Ä–Ω—ã–π–ö–æ–Ω–≤–æ–π, –ø–æ–º–æ—â—å—É–∫—Ä–∞–∏–Ω–µ]","","[2684938206]",""
"559048500852584448","49b96aaff819fb699c90b5ac196806e79678d449831c42a126d571bf6f3a8631","49b96aaff819fb699c90b5ac196806e79678d449831c42a126d571bf6f3a8631","49b96aaff819fb699c90b5ac196806e79678d449831c42a126d571bf6f3a8631","–ú–æ—Å–∫–≤–∞","—É—á—É—Å—å, —Ä–∞–±–æ—Ç–∞—é, –∂–∏–≤—É","","244","1863","2013-11-07","ru","ru","RT @izvestia_ru: –°–±–æ—Ä–Ω–∞—è –†–æ—Å—Å–∏–∏ –ø–æ –≥–∞–Ω–¥–±–æ–ª—É –Ω–µ —Å–º–æ–≥–ª–∞ –ø—Ä–æ–±–∏—Ç—å—Å—è –≤ 1/8 –ß–ú http://t.co/8n6IpD6Rki –†–æ—Å—Å–∏—è–Ω–µ –ø–æ—Ç–µ—Ä–ø–µ–ª–∏ 4-–µ –ø–æ—Ä–∞–∂–µ–Ω–∏–µ –ø–æ–¥—Ä—è–¥","2015-01-24 18:02","rostislav","","","","true","213297787","559043828242731008","","","0","0","0","0","","[http://izvestia.ru/news/582200]","[213297787]",""
"560413588784164865","49b96aaff819fb699c90b5ac196806e79678d449831c42a126d571bf6f3a8631","49b96aaff819fb699c90b5ac196806e79678d449831c42a126d571bf6f3a8631","49b96aaff819fb699c90b5ac196806e79678d449831c42a126d571bf6f3a8631","–ú–æ—Å–∫–≤–∞","—É—á—É—Å—å, —Ä–∞–±–æ—Ç–∞—é, –∂–∏–≤—É","","244","1863","2013-11-07","ru","ru","RT @GazetaRu: –ò–æ—Å–∏—Ñ –ö–æ–±–∑–æ–Ω –ª–∏—à–∏–ª—Å—è –∑–≤–∞–Ω–∏—è –ø–æ—á–µ—Ç–Ω–æ–≥–æ –≥—Ä–∞–∂–¥–∞–Ω–∏–Ω–∞ –ö—Ä–∞–º–∞—Ç–æ—Ä—Å–∫–∞ http://t.co/C26hI40xaY http://t.co/XjR1gj555Y","2015-01-28 12:26","rostislav","","","","true","32421706","560404771367292930","","","0","0","0","0","","[http://www.gazeta.ru/social/news/2015/01/28/n_6867889.shtml]","[32421706]",""
"595345049082290176","9e577d44825618635f3eabf34b88c10e1d0d3686fc7ce1c85d356e6d43154e26","9e577d44825618635f3eabf34b88c10e1d0d3686fc7ce1c85d356e6d43154e26","9e577d44825618635f3eabf34b88c10e1d0d3686fc7ce1c85d356e6d43154e26","–ú–æ—Å–∫–≤–∞","#–ø–∞—Ä—Ñ—é–º–µ—Ä–∏—è #–∫–æ—Å–º–µ—Ç–æ–ª–æ–≥–∏—è #—Ñ–∏—Ç–Ω–µ—Å—Å #–ø–∏–ª–∞—Ç–µ—Å","","188","191","2014-05-13","en","ru","RT @RT_russian: –°–ú–ò: –≤ –õ–∞—Ç–≤–∏–∏ –≥–µ–æ—Ä–≥–∏–µ–≤—Å–∫–∏—Ö –ª–µ–Ω—Ç–æ—á–µ–∫ –≤—Å–µ–º –∂–µ–ª–∞—é—â–∏–º –Ω–µ —Ö–≤–∞—Ç–∏—Ç http://t.co/42sqfPNiUs","2015-05-04 21:51","slovoslav","","","","true","338960856","595333029335343104","","","0","0","0","0","[]","[http://russian.rt.com/article/89607]","[338960856]",""
"553095178118893568","e0967d30722ab4872cdc98bd4ba51598458ae66a61689daae3dc2fea08b7dd41","e0967d30722ab4872cdc98bd4ba51598458ae66a61689daae3dc2fea08b7dd41","e0967d30722ab4872cdc98bd4ba51598458ae66a61689daae3dc2fea08b7dd41","US","Doubt whom you will, but never yourself.","","64","322","2014-06-01","en","en","¬´ Reverie is when ideas float in our mind without reflection or regard of the understanding. ¬ª John Locke","2015-01-08 07:45","Twitter Web Client","","","","false","","","","","0","0","0","0","","","",""
"873202881222111233","13f4dd36ee173b842d1b52e8d63d61fec6cd52692fa76dbedb4ebfb964f3357c","13f4dd36ee173b842d1b52e8d63d61fec6cd52692fa76dbedb4ebfb964f3357c","13f4dd36ee173b842d1b52e8d63d61fec6cd52692fa76dbedb4ebfb964f3357c","Estados Unidos","Journalist passionate about bringing you the best political news of the moment, you want to discover the secrets of Donald Trump","https://t.co/9mmTF3UVaY","685","2441","2017-06-02","es","en","Meet The Democrat‚Äôs Next ‚ÄúOBAMA‚Äù https://t.co/D8dN3e9iCr https://t.co/lEauJatq74","2017-06-09 15:39","IFTTT","","","","false","","","","","0","0","0","0","[]","[http://clkmein.com/qJ1epK]","",""
"874244693307031552","13f4dd36ee173b842d1b52e8d63d61fec6cd52692fa76dbedb4ebfb964f3357c","13f4dd36ee173b842d1b52e8d63d61fec6cd52692fa76dbedb4ebfb964f3357c","13f4dd36ee173b842d1b52e8d63d61fec6cd52692fa76dbedb4ebfb964f3357c","Estados Unidos","Journalist passionate about bringing you the best political news of the moment, you want to discover the secrets of Donald Trump","https://t.co/9mmTF3UVaY","685","2441","2017-06-02","es","en","Kellyanne Conway denies reports of leaking confidential information at a party https://t.co/jh0HTiMYxk","2017-06-12 12:39","IFTTT","","","","false","","","","","0","0","0","0","[]","[http://ceesty.com/qKjKTn]","",""
"760739675464146944","723434980177633280","Erdollum","erdollum","","Keiner kann uns verbieten, uns so zu √§u√üern, wie wir es wollen! Wir sind f√ºr die Meinungsfreiheit!","","7691","3492","2016-04-22","de","de","Men #Bergfest! Guten Morgen, Freunde! #Flixbus #Draxler #ErdoganTyrann #smmlvq716 #InstagramStories  Taylor https://t.co/eaFRlXfarH","2016-08-03 07:30","Twitter Web Client","","","","false","","","","","0","2","6","3","[Bergfest, Flixbus, Draxler, ErdoganTyrann, smmlvq716, InstagramStories]","[]","",""
"769537391669481473","723434980177633280","Erdollum","erdollum","","Keiner kann uns verbieten, uns so zu √§u√üern, wie wir es wollen! Wir sind f√ºr die Meinungsfreiheit!","","7691","3492","2016-04-22","de","de","So eine ‚ÄûThe Ring‚Äú Verkleidung kommt immer gut. B√∂se, aber wie immer lustig anzuschauen! :-D #bvbm05 #SGES04 #KOED98 https://t.co/Yfykg4e0gZ","2016-08-27 14:09","Twitter Web Client","","","","false","","","","","1","1","15","8","[bvbm05, SGES04, KOED98]","[]","",""
"772720681012297728","723434980177633280","Erdollum","erdollum","","Keiner kann uns verbieten, uns so zu √§u√üern, wie wir es wollen! Wir sind f√ºr die Meinungsfreiheit!","","7691","3492","2016-04-22","de","de","Wenn #Merkel keine Strategie im Kampf gegen #AfD findet, wird sie zur Belastung f√ºr #CDU #mondaymotivation #MeckPom https://t.co/wyUrl8u6lB","2016-09-05 08:59","Twitter Web Client","","","","false","","","","","2","2","2","3","[Merkel, AfD, CDU, mondaymotivation, MeckPom]","[http://goo.gl/y05Ist]","",""
"773187767643803648","723434980177633280","Erdollum","erdollum","","Keiner kann uns verbieten, uns so zu √§u√üern, wie wir es wollen! Wir sind f√ºr die Meinungsfreiheit!","","7691","3492","2016-04-22","de","de","#Lammert r√ºgt #Merkel: ""Das muss doch jetzt nicht sein""  #ltwmv #MeckPom #AfD #Fl√ºchtlinge https://t.co/FWyAcqstxE https://t.co/lDZytSLcSf","2016-09-06 15:55","Twitter Web Client","","","","false","","","","","0","0","9","5","[Lammert, Merkel, ltwmv, MeckPom, AfD, Fl√ºchtlinge]","[http://goo.gl/OUAowD]","",""
"755427531914940420","723434980177633280","Erdollum","erdollum","","Keiner kann uns verbieten, uns so zu √§u√üern, wie wir es wollen! Wir sind f√ºr die Meinungsfreiheit!","","7691","3492","2016-04-22","de","de","#ISbekenntsich ihre erste IS-Flagge wurde auch handgemalt! Wann gibts die denn unter der Twitter-Auswahl nur? üòÇüòÇüòÇ","2016-07-19 15:42","Twitter Web Client","","","","false","","","","","0","0","4","2","[ISbekenntsich]","[]","",""
"756021477930110976","723434980177633280","Erdollum","erdollum","","Keiner kann uns verbieten, uns so zu √§u√üern, wie wir es wollen! Wir sind f√ºr die Meinungsfreiheit!","","7691","3492","2016-04-22","de","de","Guten #Morgen, meine Freunde üòã #Hitze #Gewitter #Cruz #LouisOnAGT #ColdWater2Days #Unwetter #Sommerhaus #Deutschland https://t.co/we0vOF1ltf","2016-07-21 07:02","Twitter Web Client","","","","false","","","","","0","0","10","2","[Morgen, Hitze, Gewitter, Cruz, LouisOnAGT, ColdWater2Days, Unwetter, Sommerhaus, Deutschland]","[]","",""
"631377234847248384","065bd0ec43552000636a4e547ad8805d0c78525c8c765a8057febafc3008ca95","065bd0ec43552000636a4e547ad8805d0c78525c8c765a8057febafc3008ca95","065bd0ec43552000636a4e547ad8805d0c78525c8c765a8057febafc3008ca95","USA","","","22","140","2014-06-06","en","en","RT @e933848ee109a3e968bfefb54a785c0426edab39c144c0ace1eb734cde5efed0: Saw it several days ago during a trip and that's amazing! Can you see the face? Who is it? http://t.co/rP1uJgQjOb","2015-08-12 08:10","Twitter Web Client","","","","true","e933848ee109a3e968bfefb54a785c0426edab39c144c0ace1eb734cde5efed0","631210828142931968","","","0","0","0","0","[]","[http://www.youtube.com/watch?v=h-7-Ej_NuIg&feature=youtu.be]","[e933848ee109a3e968bfefb54a785c0426edab39c144c0ace1eb734cde5efed0]",""
"567613373496705024","49b96aaff819fb699c90b5ac196806e79678d449831c42a126d571bf6f3a8631","49b96aaff819fb699c90b5ac196806e79678d449831c42a126d571bf6f3a8631","49b96aaff819fb699c90b5ac196806e79678d449831c42a126d571bf6f3a8631","–ú–æ—Å–∫–≤–∞","—É—á—É—Å—å, —Ä–∞–±–æ—Ç–∞—é, –∂–∏–≤—É","","244","1863","2013-11-07","ru","ru","RT @NovostiEkb: –ù–∏–∫–∞–∫ –Ω–µ —É—Å–ø–æ–∫–æ—è—Ç—Å—è: –Ω–µ–ª–µ–≥–∞–ª—å–Ω–∞—è –ø–∞—Ä–∫–æ–≤–∫–∞ –≤  –ê–∫–∞–¥–µ–º–∏—á–µ—Å–∫–æ–º –≤ —Ç—Ä–µ—Ç–∏–π —Ä–∞–∑ –ø–æ—è–≤–∏–ª–∞—Å—å –Ω–∞ —Å—Ç–∞—Ä–æ–º –º–µ—Å—Ç–µ (–§–æ—Ç–æ) (–ò–Ω—Ñ–æ... http://t.‚Ä¶","2015-02-17 09:15","rostislav","","","","true","2533364158","567611373467623424","","","0","0","0","0","[]","[http://bit.ly/1AyJtbj]","[2533364158]",""
"586431234848370688","49b96aaff819fb699c90b5ac196806e79678d449831c42a126d571bf6f3a8631","49b96aaff819fb699c90b5ac196806e79678d449831c42a126d571bf6f3a8631","49b96aaff819fb699c90b5ac196806e79678d449831c42a126d571bf6f3a8631","–ú–æ—Å–∫–≤–∞","—É—á—É—Å—å, —Ä–∞–±–æ—Ç–∞—é, –∂–∏–≤—É","","244","1863","2013-11-07","ru","ru","RT @aeeb13fb82711e9df79360a57bad1d49c7c2fb4f0a36dc88666161085330761b: –û–Ω–∏ ""—Ç–≤–∞—Ä—è—Ç"" –∏—Å—Ç–æ—Ä–∏—é? https://t.co/MekLxGHEty #–Ω–æ–≤–æ—Å—Ç–∏ #–ø–æ–ª–∏—Ç–∏–∫–∞ #–£–∫—Ä–∞–∏–Ω–∞ #–∏—Å—Ç–æ—Ä–∏—è #–Ω–∞—Ü–∏–∑–º http://t.co/ppd03r6MKK","2015-04-10 07:31","slovoslav","","","","true","aeeb13fb82711e9df79360a57bad1d49c7c2fb4f0a36dc88666161085330761b","586420809486307328","","","0","0","0","0","[–Ω–æ–≤–æ—Å—Ç–∏, –ø–æ–ª–∏—Ç–∏–∫–∞, –£–∫—Ä–∞–∏–Ω–∞, –∏—Å—Ç–æ—Ä–∏—è, –Ω–∞—Ü–∏–∑–º]","[https://vk.com/wall-62675857_79684]","[aeeb13fb82711e9df79360a57bad1d49c7c2fb4f0a36dc88666161085330761b]",""
"668895959728971776","49b96aaff819fb699c90b5ac196806e79678d449831c42a126d571bf6f3a8631","49b96aaff819fb699c90b5ac196806e79678d449831c42a126d571bf6f3a8631","49b96aaff819fb699c90b5ac196806e79678d449831c42a126d571bf6f3a8631","–ú–æ—Å–∫–≤–∞","—É—á—É—Å—å, —Ä–∞–±–æ—Ç–∞—é, –∂–∏–≤—É","","244","1863","2013-11-07","ru","ru","RT @GazetaRu: ¬´–ü–ª–∞—Ç–æ–Ω—É¬ª –ø–æ–¥–∫–∏–Ω—É—Ç –º–∏–ª–ª–∏–∞—Ä–¥–æ–≤ https://t.co/SK1xAGLKsZ https://t.co/5f2iwzOdAX","2015-11-23 20:56","rostislav","","","","true","32421706","668883202090639360","","","0","0","0","0","[]","[http://www.gazeta.ru/auto/2015/11/23_a_7910297.shtml]","[32421706]",""
"594313457480138752","247caa4e9f41917b58849c4b9c1115cc64b43ed7cdb8f70f04ab6ce8ea1d7a7a","247caa4e9f41917b58849c4b9c1115cc64b43ed7cdb8f70f04ab6ce8ea1d7a7a","247caa4e9f41917b58849c4b9c1115cc64b43ed7cdb8f70f04ab6ce8ea1d7a7a","–†–æ—Å—Å–∏—è","","","371","1708","2013-10-02","en","ru","RT @coldwar20_ru: –§–µ–π—Å–±—É–∫ –≤—ã—á–∏—Å—Ç–∏–ª —Å–µ–±—è –æ—Ç —Å–ª–æ–≤–∞ #–∂–∏–¥–æ–±–∞–Ω–¥–µ—Ä–æ–≤–µ—Ü","2015-05-02 01:32","iziaslav","","","","true","2351739462","594304015795617794","","","0","0","0","0","[–∂–∏–¥–æ–±–∞–Ω–¥–µ—Ä–æ–≤–µ—Ü]","[]","[2351739462]",""
"584376239877652480","247caa4e9f41917b58849c4b9c1115cc64b43ed7cdb8f70f04ab6ce8ea1d7a7a","247caa4e9f41917b58849c4b9c1115cc64b43ed7cdb8f70f04ab6ce8ea1d7a7a","247caa4e9f41917b58849c4b9c1115cc64b43ed7cdb8f70f04ab6ce8ea1d7a7a","–†–æ—Å—Å–∏—è","","","371","1708","2013-10-02","en","ru","RT @lentaruofficial: –ü–æ—Ä–æ—à–µ–Ω–∫–æ —É–≤–∏–¥–µ–ª –≤ –≤–æ–π–Ω–µ —Å—Ä–µ–¥—Å—Ç–≤–æ –æ—Ç –±–µ–∑—Ä–∞–±–æ—Ç–∏—Ü—ã: http://t.co/CmWqKb3sMC","2015-04-04 15:25","iziaslav","","","","true","228661749","584370963304882177","","","0","0","0","0","[]","[http://bit.ly/1HwXyW2]","[228661749]",""
"668789480212533248","247caa4e9f41917b58849c4b9c1115cc64b43ed7cdb8f70f04ab6ce8ea1d7a7a","247caa4e9f41917b58849c4b9c1115cc64b43ed7cdb8f70f04ab6ce8ea1d7a7a","247caa4e9f41917b58849c4b9c1115cc64b43ed7cdb8f70f04ab6ce8ea1d7a7a","–†–æ—Å—Å–∏—è","","","371","1708","2013-10-02","en","ru","RT @Rus_NV: –ö—Ä–∏—Å—Ç–∏–Ω –õ–∞–≥–∞—Ä–¥: –£–∫—Ä–∞–∏–Ω–∞ –Ω–µ —Å–æ–±–ª—é–¥–∞–µ—Ç –æ–±—è–∑–∞—Ç–µ–ª—å—Å—Ç–≤–∞ –ø–µ—Ä–µ–¥ –ú–í–§  https://t.co/W9smPVoiOH #–Ø—Ü–µ–Ω—é–∫ #–ú–í–§ #–£–∫—Ä–∞–∏–Ω–∞ https://t.co/VA4UBk‚Ä¶","2015-11-23 13:53","iziaslav","","","","true","1249592959","668780474249175042","","","0","0","0","0","[–Ø—Ü–µ–Ω—é–∫, –ú–í–§, –£–∫—Ä–∞–∏–Ω–∞]","[http://rossiya-ukraina.livejournal.com/3493152.html]","[1249592959]",""
"559743074214350848","247caa4e9f41917b58849c4b9c1115cc64b43ed7cdb8f70f04ab6ce8ea1d7a7a","247caa4e9f41917b58849c4b9c1115cc64b43ed7cdb8f70f04ab6ce8ea1d7a7a","247caa4e9f41917b58849c4b9c1115cc64b43ed7cdb8f70f04ab6ce8ea1d7a7a","–†–æ—Å—Å–∏—è","","","371","1708","2013-10-02","en","ru","–û–±–∞–º–∞ –ø–æ–∫–∞ —á—Ç–æ –∂—É–µ—Ç, –∞ —Å–∫–æ—Ä–æ –±—É–¥–µ—Ç —Å–æ—Å–∞—Ç—å #–û–ë–ê–ú–ê–ß–ú–û","2015-01-26 16:02","Twitter Web Client","","","","false","","","","","0","0","0","0","[–û–ë–ê–ú–ê–ß–ú–û]","","",""
"563654700156092416","247caa4e9f41917b58849c4b9c1115cc64b43ed7cdb8f70f04ab6ce8ea1d7a7a","247caa4e9f41917b58849c4b9c1115cc64b43ed7cdb8f70f04ab6ce8ea1d7a7a","247caa4e9f41917b58849c4b9c1115cc64b43ed7cdb8f70f04ab6ce8ea1d7a7a","–†–æ—Å—Å–∏—è","","","371","1708","2013-10-02","en","ru","RT @RT_russian: –°–ú–ò: –ì—Ä—É–ø–ø–∞ ¬´–ú–∞—à–∏–Ω–∞ –≤—Ä–µ–º–µ–Ω–∏¬ª —Ä–∞—Å–ø–∞–ª–∞—Å—å –∏–∑-–∑–∞ –£–∫—Ä–∞–∏–Ω—ã http://t.co/z0ylgnDOoB http://t.co/Q1b3J6dNJs","2015-02-06 11:05","meceslav","","","","true","338960856","563647663804268544","","","0","0","0","0","","[http://russian.rt.com/article/72743]","[338960856]",""
"665316882346549249","247caa4e9f41917b58849c4b9c1115cc64b43ed7cdb8f70f04ab6ce8ea1d7a7a","247caa4e9f41917b58849c4b9c1115cc64b43ed7cdb8f70f04ab6ce8ea1d7a7a","247caa4e9f41917b58849c4b9c1115cc64b43ed7cdb8f70f04ab6ce8ea1d7a7a","–†–æ—Å—Å–∏—è","","","371","1708","2013-10-02","en","ru","RT @Dasssha2010: –º–æ–∂–µ—Ç —É–∂–µ –ø–æ—Ä–∞ —á—Ç–æ-—Ç–æ –≤ –∫–æ–Ω—Å–µ—Ä–≤–∞—Ç–æ—Ä–∏–∏ –º–µ–Ω—è—Ç—å? —Ç–æ–ª—å–∫–æ –¥—É–º–∞—é, —á—Ç–æ –Ω–∏–∫—Ç–æ –Ω–∏—á–µ–≥–æ –º–µ–Ω—è—Ç—å –Ω–µ –±—É–¥–µ—Ç","2015-11-13 23:54","bronislav","","","","true","2300857116","665305644447244289","","","0","0","0","0","[]","[]","[2300857116]",""
"677260332323241985","247caa4e9f41917b58849c4b9c1115cc64b43ed7cdb8f70f04ab6ce8ea1d7a7a","247caa4e9f41917b58849c4b9c1115cc64b43ed7cdb8f70f04ab6ce8ea1d7a7a","247caa4e9f41917b58849c4b9c1115cc64b43ed7cdb8f70f04ab6ce8ea1d7a7a","–†–æ—Å—Å–∏—è","","","371","1708","2013-10-02","en","ru","RT @ru_rbc: –î–º–∏—Ç—Ä–∏—é –ú–µ–¥–≤–µ–¥–µ–≤—É –∏ –î–∂–µ–∫—É –ú–∞ –ø–æ–¥–∞—Ä–∏–ª–∏ —à–ª–µ–º—ã –≤–∏—Ä—Ç—É–∞–ª—å–Ω–æ–π —Ä–µ–∞–ª—å–Ω–æ—Å—Ç–∏ https://t.co/9TPjtajdzC","2015-12-16 22:53","bronislav","","","","true","269770723","677247097717043200","","","0","0","0","0","[]","[http://www.rbc.ru/technology_and_media/17/12/2015/567116829a794719453367c8]","[269770723]",""
"644524072655843328","247caa4e9f41917b58849c4b9c1115cc64b43ed7cdb8f70f04ab6ce8ea1d7a7a","247caa4e9f41917b58849c4b9c1115cc64b43ed7cdb8f70f04ab6ce8ea1d7a7a","247caa4e9f41917b58849c4b9c1115cc64b43ed7cdb8f70f04ab6ce8ea1d7a7a","–†–æ—Å—Å–∏—è","","","371","1708","2013-10-02","en","ru","RT @ru_rbc: –ú–ò–î –†–æ—Å—Å–∏–∏ –≤—ã—Ä–∞–∑–∏–ª ¬´—Ä–µ—à–∏—Ç–µ–ª—å–Ω—ã–π –ø—Ä–æ—Ç–µ—Å—Ç¬ª –≤ —Å–≤—è–∑–∏ —Å —Å–∞–Ω–∫—Ü–∏—è–º–∏ –ö–∏–µ–≤–∞ http://t.co/WFxIewv3Ke","2015-09-17 14:51","bronislav","","","","true","269770723","644515988889800704","","","0","0","0","0","[]","[http://r.rbc.ru/5qrlgpjvpF8]","[269770723]",""
"592430803549827074","247caa4e9f41917b58849c4b9c1115cc64b43ed7cdb8f70f04ab6ce8ea1d7a7a","247caa4e9f41917b58849c4b9c1115cc64b43ed7cdb8f70f04ab6ce8ea1d7a7a","247caa4e9f41917b58849c4b9c1115cc64b43ed7cdb8f70f04ab6ce8ea1d7a7a","–†–æ—Å—Å–∏—è","","","371","1708","2013-10-02","en","ru","RT @narodprotiv: –ü–∞—Ç—Ä–∏–æ—Ç–∏—á–µ—Å–∫–∏–π —É–≥–∞—Ä –ø—Ä–µ–≤—Ä–∞—â–∞–µ—Ç—Å—è –≤ –†–æ—Å—Å–∏–∏ –≤ –∑–∞—Ä–∞–∑–Ω—É—é —ç–ø–∏–¥–µ–º–∏—é http://t.co/DNxL0Kt31B http://t.co/6ZK1fd8Per","2015-04-26 20:51","bronislav","","","","true","456493247","592421691717988353","","","0","0","0","0","[]","[http://goo.gl/xKU3iD]","[456493247]",""
"586003160751308800","2951758027e2a29c3c2576a5d667d9e1026dd6b16b6a2542f47cbd19762f759b","2951758027e2a29c3c2576a5d667d9e1026dd6b16b6a2542f47cbd19762f759b","2951758027e2a29c3c2576a5d667d9e1026dd6b16b6a2542f47cbd19762f759b","–†–æ—Å—Å–∏—è","Anti hipsta","","253","521","2014-03-20","en","ru","–¢–∞–∫ –º—ã –∏ –ø—ã—Ç–∞–µ–º—Å—è –ø–ª—ã—Ç—å –≤–ø–µ—Ä–µ–¥, –±–æ—Ä—è—Å—å —Å —Ç–µ—á–µ–Ω–∏–µ–º, –∞ –æ–Ω–æ –≤—Å–µ —Å–Ω–æ—Å–∏—Ç –∏ —Å–Ω–æ—Å–∏—Ç –Ω–∞—à–∏ —Å—É–¥–µ–Ω—ã—à–∫–∏ –æ–±—Ä–∞—Ç–Ω–æ –≤ –ø—Ä–æ—à–ª–æ–µ","2015-04-09 03:10","Twitter Web Client","","","","false","","","","","0","0","0","0","[]","[]","",""
"628976580048650240","2951758027e2a29c3c2576a5d667d9e1026dd6b16b6a2542f47cbd19762f759b","2951758027e2a29c3c2576a5d667d9e1026dd6b16b6a2542f47cbd19762f759b","2951758027e2a29c3c2576a5d667d9e1026dd6b16b6a2542f47cbd19762f759b","–†–æ—Å—Å–∏—è","Anti hipsta","","253","521","2014-03-20","en","ru","RT @GazetaRu_All: –ñ–∏—Ç–µ–ª–∏ –ö—Ä—ã–º–∞ –Ω–∞–∑–≤–∞–ª–∏ –≥–ª–∞–≤–Ω–æ–π –ø—Ä–æ–±–ª–µ–º–æ–π –≤ —Ä–µ–≥–∏–æ–Ω–µ ¬´–±–∏—Ç—ã–µ –¥–æ—Ä–æ–≥–∏ –≤ —Ö–ª–∞–º¬ª http://t.co/Ii3AimroLc","2015-08-05 17:11","bronislav","","","","true","70416094","628967569668579328","","","0","0","0","0","[]","[http://www.gazeta.ru/auto/news/2015/08/05/n_7437785.shtml?utm_source=google&utm_medium=banner&utm_campaign=all]","[70416094]",""
"543786970745675776","2951758027e2a29c3c2576a5d667d9e1026dd6b16b6a2542f47cbd19762f759b","2951758027e2a29c3c2576a5d667d9e1026dd6b16b6a2542f47cbd19762f759b","2951758027e2a29c3c2576a5d667d9e1026dd6b16b6a2542f47cbd19762f759b","–†–æ—Å—Å–∏—è","Anti hipsta","","253","521","2014-03-20","en","ru","–í –ø–æ—Å–ª–µ–¥–Ω–∏–µ –Ω–µ—Å–∫ –¥–Ω–µ–π –æ—á –º–Ω–æ–≥–æ —á–∏—Ç–∞—é #–ö–∏—Å–∫–∞–ò–∑–í–ª–∞–¥–∏–∫–∞","2014-12-13 15:18","Twitter Web Client","","","","false","","","","","0","0","0","0","[–ö–∏—Å–∫–∞–ò–∑–í–ª–∞–¥–∏–∫–∞]","","",""
"491580720859447297","2951758027e2a29c3c2576a5d667d9e1026dd6b16b6a2542f47cbd19762f759b","2951758027e2a29c3c2576a5d667d9e1026dd6b16b6a2542f47cbd19762f759b","2951758027e2a29c3c2576a5d667d9e1026dd6b16b6a2542f47cbd19762f759b","–†–æ—Å—Å–∏—è","Anti hipsta","","253","521","2014-03-20","en","ru","–ù—É, –¥–≤–æ–∏—Ö –°–µ—Ä–≥–µ–µ–≤ —Å —Ö–æ–º—è–∫–∞–º–∏ –Ω–µ —Å—Ä–∞–≤–Ω–∏—à—å. –ù–∞—à–∏ –º–∏–Ω–∏—Å—Ç—Ä—ã –∫–∞–∫-—Ç–æ –ø–æ-—Ä–∞–∑—É–º–Ω–µ–µ –±—É–¥—É—Ç http://t.co/oH1Zy4TIot","2014-07-22 13:49","LiveJournal.com","","","","false","","","","","0","0","0","0","","[http://j.mp/1A1p0sO]","",""
"500314379405905920","2951758027e2a29c3c2576a5d667d9e1026dd6b16b6a2542f47cbd19762f759b","2951758027e2a29c3c2576a5d667d9e1026dd6b16b6a2542f47cbd19762f759b","2951758027e2a29c3c2576a5d667d9e1026dd6b16b6a2542f47cbd19762f759b","–†–æ—Å—Å–∏—è","Anti hipsta","","253","521","2014-03-20","en","ru","–§–∏–Ω—ã —Ö–æ—Ç—å –±–ª–∞–≥–æ—Ä–∞–∑—É–º–∏–µ –ø—Ä–æ—è–≤–∏–ª–∏. –ù–ï –≤—Å–µ –ø–æ—Ç–µ—Ä—è–Ω–æ)) http://t.co/5pBez8ebfl","2014-08-15 16:13","LiveJournal.com","","","","false","","","","","0","0","0","0","","[http://j.mp/1oVMNpJ]","",""
"498874533361627136","2951758027e2a29c3c2576a5d667d9e1026dd6b16b6a2542f47cbd19762f759b","2951758027e2a29c3c2576a5d667d9e1026dd6b16b6a2542f47cbd19762f759b","2951758027e2a29c3c2576a5d667d9e1026dd6b16b6a2542f47cbd19762f759b","–†–æ—Å—Å–∏—è","Anti hipsta","","253","521","2014-03-20","en","ru","–ñ—É—Ç–∫–∞—è –ø–æ–ª–∏—Ç–∏–∫–∞. –ò —Ä–∞–¥–∏ —á–µ–≥–æ –≤—Å–µ —ç—Ç–æ? –ú—Ä–∞–∫. http://t.co/rMiNDkcHMx","2014-08-11 16:52","LiveJournal.com","","","","false","","","","","0","0","0","0","","[http://j.mp/1A81Tvz]","",""
"535759720842133504","2951758027e2a29c3c2576a5d667d9e1026dd6b16b6a2542f47cbd19762f759b","2951758027e2a29c3c2576a5d667d9e1026dd6b16b6a2542f47cbd19762f759b","2951758027e2a29c3c2576a5d667d9e1026dd6b16b6a2542f47cbd19762f759b","–†–æ—Å—Å–∏—è","Anti hipsta","","253","521","2014-03-20","en","ru","–ê –≤—ã –ª—é–±–∏—Ç–µ –ø–∞—Ä–∏? http://t.co/mi6oVJmlnX","2014-11-21 11:40","LiveJournal.com","","","","false","","","","","0","0","0","0","","[http://j.mp/1xJdfI0]","",""
"578225585706545152","8bc0cfc3c1ad372fa2360ad7852c068b3c44ad2cbb85caac5b0437f01000eed7","8bc0cfc3c1ad372fa2360ad7852c068b3c44ad2cbb85caac5b0437f01000eed7","8bc0cfc3c1ad372fa2360ad7852c068b3c44ad2cbb85caac5b0437f01000eed7","","","","108","133","2013-08-23","en","en","Some books should be tasted, some devoured, but only a few should be chewed and digested thoroughly.  ‚Äì Cornelia Funke","2015-03-18 16:04","Twitter Web Client","","","","false","","","","","0","0","0","0","[]","[]","",""
"514698268077740033","fdf2e8df6abb6e1240fcfe8bc6c1363da7a825b60cd40acde3dfb9525d55988b","fdf2e8df6abb6e1240fcfe8bc6c1363da7a825b60cd40acde3dfb9525d55988b","fdf2e8df6abb6e1240fcfe8bc6c1363da7a825b60cd40acde3dfb9525d55988b","–ù–æ–≤–æ—Å–∏–±–∏—Ä—Å–∫","–≥–æ–≤–æ—Ä—è—Ç, —Å–∏–º–ø–∞—Ç–∏—á–Ω–∞—è))","","179","245","2014-05-29","ru","ru","RT @OlegLurie: –ü–æ–¥ –¥–æ–º.–∞—Ä–µ—Å—Ç–æ–º –ï–≤—Ç—É—à–µ–Ω–∫–æ–≤—É —Ä–∞–∑—Ä–µ—à–∏–ª–∏ –µ–∑–¥–∏—Ç—å –Ω–∞ —Ä–∞–±–æ—Ç—É.–¢—Ä–µ–±—É—é —Ä–∞–∑—Ä–µ—à–∏—Ç—å –í–∞—Å–∏–ª—å–µ–≤–æ–π –µ–∑–¥–∏—Ç—å –≤ –ú–∏–Ω–æ–±–æ—Ä–æ–Ω—ã,–∞ –ù–∞–≤–∞–ª—å–Ω–æ–º—É-–≤ –ø–æ—Å–æ–ª—å‚Ä¶","2014-09-24 08:50","TweetDeck","","","","true","520395834","514646923316580353","","","0","0","0","0","","","[520395834]",""
"594273124339863552","fdf2e8df6abb6e1240fcfe8bc6c1363da7a825b60cd40acde3dfb9525d55988b","fdf2e8df6abb6e1240fcfe8bc6c1363da7a825b60cd40acde3dfb9525d55988b","fdf2e8df6abb6e1240fcfe8bc6c1363da7a825b60cd40acde3dfb9525d55988b","–ù–æ–≤–æ—Å–∏–±–∏—Ä—Å–∫","–≥–æ–≤–æ—Ä—è—Ç, —Å–∏–º–ø–∞—Ç–∏—á–Ω–∞—è))","","179","245","2014-05-29","ru","ru","RT @NovostiEkb: –°–∞–º–æ–ª—ë—Ç, –ª–µ—Ç–µ–≤—à–∏–π –∏–∑ –ï–∫–∞—Ç–µ—Ä–∏–Ω–±—É—Ä–≥–∞ –≤ –¢—É—Ä—Ü–∏—é, —ç–∫—Å—Ç—Ä–µ–Ω–Ω–æ —Å–µ–ª –≤ –ö—Ä–∞—Å–Ω–æ–¥–∞—Ä–µ –∏–∑-–∑–∞ –ø—å—è–Ω–æ–≥–æ –¥–µ–±–æ—à–∏—Ä–∞ http://t.co/cuZA2v9imC","2015-05-01 22:52","iziaslav","","","","true","2533364158","594256475658129408","","","0","0","0","0","[]","[http://bit.ly/1QVa47Y]","[2533364158]",""
"606529354571640833","fdf2e8df6abb6e1240fcfe8bc6c1363da7a825b60cd40acde3dfb9525d55988b","fdf2e8df6abb6e1240fcfe8bc6c1363da7a825b60cd40acde3dfb9525d55988b","fdf2e8df6abb6e1240fcfe8bc6c1363da7a825b60cd40acde3dfb9525d55988b","–ù–æ–≤–æ—Å–∏–±–∏—Ä—Å–∫","–≥–æ–≤–æ—Ä—è—Ç, —Å–∏–º–ø–∞—Ç–∏—á–Ω–∞—è))","","179","245","2014-05-29","ru","ru","RT @riafanru: –ú–∏–Ω–æ–±–æ—Ä–æ–Ω—ã: –ü–∏–ª–æ—Ç—ã –ú–∏–ì-29 –ø–æ–¥ –ê—Å—Ç—Ä–∞—Ö–∞–Ω—å—é –ø–æ–ª—É—á–∏–ª–∏ —É—à–∏–±—ã –∏¬†–≤—ã–≤–∏—Ö–∏ http://t.co/HI1nQtWKZw http://t.co/TVKSWUqIrz","2015-06-04 18:34","iziaslav","","","","true","2570574680","606513583946612737","","","0","0","0","0","[]","[http://riafan.ru/301045-minoboronyi-pilotyi-mig-29-pod-astrahanyu-poluchili-ushibyi-i-vyivihi/]","[2570574680]",""
"652622710560944128","9e577d44825618635f3eabf34b88c10e1d0d3686fc7ce1c85d356e6d43154e26","9e577d44825618635f3eabf34b88c10e1d0d3686fc7ce1c85d356e6d43154e26","9e577d44825618635f3eabf34b88c10e1d0d3686fc7ce1c85d356e6d43154e26","–ú–æ—Å–∫–≤–∞","#–ø–∞—Ä—Ñ—é–º–µ—Ä–∏—è #–∫–æ—Å–º–µ—Ç–æ–ª–æ–≥–∏—è #—Ñ–∏—Ç–Ω–µ—Å—Å #–ø–∏–ª–∞—Ç–µ—Å","","188","191","2014-05-13","en","ru","RT @tass_agency: –ö–∞–¥—ã—Ä–æ–≤: –≤ –ß–µ—á–Ω–µ –æ—Ä–≥–∞–Ω–∏–∑—É—é—Ç —Ä–∞–±–æ—Ç—É —Å –º–æ–ª–æ–¥–µ–∂—å—é –¥–ª—è –ø—Ä–µ–¥–æ—Ç–≤—Ä–∞—â–µ–Ω–∏—è –≤–µ—Ä–±–æ–≤–∫–∏ –≤ –ò–ì http://t.co/hzR790zqiP","2015-10-09 23:12","bronislav","","","","true","285532415","652600164834803712","","","0","0","0","0","[]","[http://tass.ru/politika/2334537]","[285532415]",""
"666972961434411008","9e577d44825618635f3eabf34b88c10e1d0d3686fc7ce1c85d356e6d43154e26","9e577d44825618635f3eabf34b88c10e1d0d3686fc7ce1c85d356e6d43154e26","9e577d44825618635f3eabf34b88c10e1d0d3686fc7ce1c85d356e6d43154e26","–ú–æ—Å–∫–≤–∞","#–ø–∞—Ä—Ñ—é–º–µ—Ä–∏—è #–∫–æ—Å–º–µ—Ç–æ–ª–æ–≥–∏—è #—Ñ–∏—Ç–Ω–µ—Å—Å #–ø–∏–ª–∞—Ç–µ—Å","","188","191","2014-05-13","en","ru","RT @vesti_news: –î–≤—É—Ö –±—Ä–∏—Ç–∞–Ω—Ü–µ–≤ –∑–∞–¥–µ—Ä–∂–∞–ª–∏ –≤ –í–µ–Ω–≥—Ä–∏–∏ –∑–∞ —Ñ–∏–Ω–∞–Ω—Å–∏—Ä–æ–≤–∞–Ω–∏–µ —Ç–µ—Ä—Ä–æ—Ä–∏–∑–º–∞ https://t.co/7rLY1oJJii","2015-11-18 13:35","rostislav","","","","true","72525490","666955356032081920","","","0","0","0","0","[]","[http://vesti.ru/t?2688202]","[72525490]",""
"598735112818266112","9e577d44825618635f3eabf34b88c10e1d0d3686fc7ce1c85d356e6d43154e26","9e577d44825618635f3eabf34b88c10e1d0d3686fc7ce1c85d356e6d43154e26","9e577d44825618635f3eabf34b88c10e1d0d3686fc7ce1c85d356e6d43154e26","–ú–æ—Å–∫–≤–∞","#–ø–∞—Ä—Ñ—é–º–µ—Ä–∏—è #–∫–æ—Å–º–µ—Ç–æ–ª–æ–≥–∏—è #—Ñ–∏—Ç–Ω–µ—Å—Å #–ø–∏–ª–∞—Ç–µ—Å","","188","191","2014-05-13","en","ru","RT @vesti_news: –≠–∫—Å–ø–µ—Ä—Ç—ã: —á—Ç–æ–±—ã —Å—ç–∫–æ–Ω–æ–º–∏—Ç—å, –¥–∞—á—É –ª—É—á—à–µ –∞—Ä–µ–Ω–¥–æ–≤–∞—Ç—å –≤ –∏—é–Ω–µ http://t.co/zPWWXN3YEK","2015-05-14 06:22","rostislav","","","","true","72525490","598721996764098560","","","0","0","0","0","[]","[http://vesti.ru/t?2576820]","[72525490]",""
"567785858229874688","9e577d44825618635f3eabf34b88c10e1d0d3686fc7ce1c85d356e6d43154e26","9e577d44825618635f3eabf34b88c10e1d0d3686fc7ce1c85d356e6d43154e26","9e577d44825618635f3eabf34b88c10e1d0d3686fc7ce1c85d356e6d43154e26","–ú–æ—Å–∫–≤–∞","#–ø–∞—Ä—Ñ—é–º–µ—Ä–∏—è #–∫–æ—Å–º–µ—Ç–æ–ª–æ–≥–∏—è #—Ñ–∏—Ç–Ω–µ—Å—Å #–ø–∏–ª–∞—Ç–µ—Å","","188","191","2014-05-13","en","ru","RT @GazetaRu: –§–û–¢–û–†–ï–ü–û–†–¢–ê–ñ. –ñ–µ–Ω—â–∏–Ω—É —Å–ø–∞—Å–ª–∏ –∏–∑ —Ç–æ–Ω—É—â–µ–≥–æ –∞–≤—Ç–æ–º–æ–±–∏–ª—è —Å –ø–æ–º–æ—â—å—é –±—É–ª—ã–∂–Ω–∏–∫–∞ http://t.co/ITq1avayVU http://t.co/wYexSKXrBk","2015-02-17 20:41","rostislav","","","","true","32421706","567777414684897280","","","0","0","0","0","[]","[http://www.gazeta.ru/auto/photo/zhenshinu_spasli_iz_tonushego_avtomobilya_s_pomoshyu_bulyzhnika.shtml]","[32421706]",""
"591132647604256768","9e577d44825618635f3eabf34b88c10e1d0d3686fc7ce1c85d356e6d43154e26","9e577d44825618635f3eabf34b88c10e1d0d3686fc7ce1c85d356e6d43154e26","9e577d44825618635f3eabf34b88c10e1d0d3686fc7ce1c85d356e6d43154e26","–ú–æ—Å–∫–≤–∞","#–ø–∞—Ä—Ñ—é–º–µ—Ä–∏—è #–∫–æ—Å–º–µ—Ç–æ–ª–æ–≥–∏—è #—Ñ–∏—Ç–Ω–µ—Å—Å #–ø–∏–ª–∞—Ç–µ—Å","","188","191","2014-05-13","en","ru","RT @mvd_official: –í –°–≤–µ—Ä–¥–ª–æ–≤—Å–∫–æ–π –æ–±–ª–∞—Å—Ç–∏ –ø–æ–ª–∏—Ü–µ–π—Å–∫–∏–µ —Å–ø–∞—Å–ª–∏ 8-–ª–µ—Ç–Ω—é—é –¥–µ–≤–æ—á–∫—É –∏–∑ –≥–æ—Ä—è—â–µ–≥–æ –¥–æ–º–∞ https://t.co/kDaN8HU6iO","2015-04-23 06:53","iziaslav","","","","true","1089639818","591118783776956417","","","0","0","0","0","[]","[https://mvd.ru/news/item/3360011/]","[1089639818]",""
"807782800757846016","f77f1f2461dfa59c76e9c3638cb8d71cbcd434b8c0beb1f4e2c30189f8e20985","f77f1f2461dfa59c76e9c3638cb8d71cbcd434b8c0beb1f4e2c30189f8e20985","f77f1f2461dfa59c76e9c3638cb8d71cbcd434b8c0beb1f4e2c30189f8e20985","–°–æ—á–∏, –†–æ—Å—Å–∏—è","–í –∫—É—Ä—Å–µ –≥–æ—Ä–æ–¥—Å–∫–∏—Ö —Å–æ–±—ã—Ç–∏–π. #sochi #—Å–æ—á–∏","","21","100","2016-02-21","en","ru","–î–æ–∫–ª–∞–¥ WADA: –≤ #–°–æ—á–∏ –ø–æ–¥–º–µ–Ω–∏–ª–∏ –ø—Ä–æ–±—ã 12 —Å–ø–æ—Ä—Ç—Å–º–µ–Ω–æ–≤ https://t.co/FkkwXByyMa #–Ω–æ–≤–æ—Å—Ç–∏","2016-12-11 03:03","Twibble.io","","","","false","","","","","0","0","0","0","[–°–æ—á–∏, –Ω–æ–≤–æ—Å—Ç–∏]","[http://twib.in/l/r5Lzz9xqxkoE]","",""
"736536254980886528","f77f1f2461dfa59c76e9c3638cb8d71cbcd434b8c0beb1f4e2c30189f8e20985","f77f1f2461dfa59c76e9c3638cb8d71cbcd434b8c0beb1f4e2c30189f8e20985","f77f1f2461dfa59c76e9c3638cb8d71cbcd434b8c0beb1f4e2c30189f8e20985","–°–æ—á–∏, –†–æ—Å—Å–∏—è","–í –∫—É—Ä—Å–µ –≥–æ—Ä–æ–¥—Å–∫–∏—Ö —Å–æ–±—ã—Ç–∏–π. #sochi #—Å–æ—á–∏","","21","100","2016-02-21","en","ru","–î–≤–æ–µ —Å–æ—á–∏–Ω—Ü–µ–≤ —Å–º–æ–≥–ª–∏ —Å–±—ã—Ç—å –±–æ–ª–µ–µ 100 —Ç—ã—Å—è—á —Ñ–∞–ª—å—à–∏–≤—ã—Ö —Ä—É–±–ª–µ–π: –í –í–æ–ª–≥–æ–≥—Ä–∞–¥–µ –±—ã–ª–∏ –∑–∞–¥–µ—Ä–∂–∞–Ω—ã 28-–ª–µ—Ç–Ω–∏–π –∏ 30-–ª–µ—Ç–Ω–∏... https://t.co/aKguOW613G","2016-05-28 12:35","twitterfeed","","","","false","","","","","0","0","0","0","[]","[http://bit.ly/20NTn17]","",""
"525219424073433088","838cba987c1ab4bb04e0affd360ce0a18aca3b143cdc5bc4ab1cebbb2da17874","838cba987c1ab4bb04e0affd360ce0a18aca3b143cdc5bc4ab1cebbb2da17874","838cba987c1ab4bb04e0affd360ce0a18aca3b143cdc5bc4ab1cebbb2da17874","–†–æ—Å—Å–∏—è","–ü–µ—Ä–µ–≤–æ–¥—á–∏–∫  - 3 –≥–æ–¥–∞ ; –î–ª—è –¥—É—à–∏ # –ß—Ç–µ–Ω–∏–µ  #","","89","79","2013-11-23","en","ru","–ö—Ä–∏—Ç–∏—á–Ω–æ. –ó–µ–º–ª—è –ø–æ–ª—É–æ—Å—Ç—Ä–æ–≤–∞ –ö—Ä—ã–º –±—É–¥–µ—Ç —Ä–∞—Å–ø—Ä–µ–¥–µ–ª—è—Ç—å—Å—è –∑–∞–∫–æ–Ω–Ω—ã–º –ø—É—Ç–µ–ºhttp://t.co/yBkdqc2Kg0","2014-10-23 09:37","generationœÄ","","","","false","","","","","0","0","0","0","","[http://postfiso.livejournal.com/]","",""
"495298739922554880","838cba987c1ab4bb04e0affd360ce0a18aca3b143cdc5bc4ab1cebbb2da17874","838cba987c1ab4bb04e0affd360ce0a18aca3b143cdc5bc4ab1cebbb2da17874","838cba987c1ab4bb04e0affd360ce0a18aca3b143cdc5bc4ab1cebbb2da17874","–†–æ—Å—Å–∏—è","–ü–µ—Ä–µ–≤–æ–¥—á–∏–∫  - 3 –≥–æ–¥–∞ ; –î–ª—è –¥—É—à–∏ # –ß—Ç–µ–Ω–∏–µ  #","","89","79","2013-11-23","en","ru","–ß–µ–º–ø–∏–æ–Ω–∞—Ç –º–∏—Ä–∞ –ø–æ —Ñ—É—Ç–±–æ–ª—É 2018 –≤ –†–æ—Å—Å–∏–∏? http://t.co/UjjOBRE1XK","2014-08-01 20:03","generationœÄ","","","","false","","","","","0","0","0","0","","[http://kladdonetjk.livejournal.com/21491.html]","",""
"490239149870678016","838cba987c1ab4bb04e0affd360ce0a18aca3b143cdc5bc4ab1cebbb2da17874","838cba987c1ab4bb04e0affd360ce0a18aca3b143cdc5bc4ab1cebbb2da17874","838cba987c1ab4bb04e0affd360ce0a18aca3b143cdc5bc4ab1cebbb2da17874","–†–æ—Å—Å–∏—è","–ü–µ—Ä–µ–≤–æ–¥—á–∏–∫  - 3 –≥–æ–¥–∞ ; –î–ª—è –¥—É—à–∏ # –ß—Ç–µ–Ω–∏–µ  #","","89","79","2013-11-23","en","ru","–ò —à—É—á—É –∫–æ–≥–¥–∞ —Ç–æ—Å–∫—É—é http://t.co/KCV7GVamXG","2014-07-18 20:58","generationœÄ","","","","false","","","","","0","0","0","0","","[http://oruginalfu.livejournal.com/43811.html]","",""
"505432716549316608","838cba987c1ab4bb04e0affd360ce0a18aca3b143cdc5bc4ab1cebbb2da17874","838cba987c1ab4bb04e0affd360ce0a18aca3b143cdc5bc4ab1cebbb2da17874","838cba987c1ab4bb04e0affd360ce0a18aca3b143cdc5bc4ab1cebbb2da17874","–†–æ—Å—Å–∏—è","–ü–µ—Ä–µ–≤–æ–¥—á–∏–∫  - 3 –≥–æ–¥–∞ ; –î–ª—è –¥—É—à–∏ # –ß—Ç–µ–Ω–∏–µ  #","","89","79","2013-11-23","en","ru","–Ø –∏ –°–®–ê - –∞–Ω–∞–ª–æ–≥–∏–∏ –î–æ—Å—Ç–æ–π–Ω–æ–µ –º–Ω–µ–Ω–∏–µ. http://t.co/zEovc6eTPv","2014-08-29 19:12","generationœÄ","","","","false","","","","","0","0","0","0","","[http://kaf595.livejournal.com/94499.html]","",""
"520692266151968769","838cba987c1ab4bb04e0affd360ce0a18aca3b143cdc5bc4ab1cebbb2da17874","838cba987c1ab4bb04e0affd360ce0a18aca3b143cdc5bc4ab1cebbb2da17874","838cba987c1ab4bb04e0affd360ce0a18aca3b143cdc5bc4ab1cebbb2da17874","–†–æ—Å—Å–∏—è","–ü–µ—Ä–µ–≤–æ–¥—á–∏–∫  - 3 –≥–æ–¥–∞ ; –î–ª—è –¥—É—à–∏ # –ß—Ç–µ–Ω–∏–µ  #","","89","79","2013-11-23","en","ru","–ü–æ–ª–∏—Ç–∏–∫–∞ –ü—É—Ç–∏–Ω–∞ –≤—ã–∑—ã–≤–∞–µ—Ç —É–≤–∞–∂–µ–Ω–∏–µ –∏ –±–µ–∑ –Ω–∞–≥—Ä–∞–¥ –û—Ç peosaytranoshttp://zedryee5.livejournal.com/119904","2014-10-10 21:48","generationœÄ","","","","false","","","","","0","0","0","0","","","",""
"504989038294876160","838cba987c1ab4bb04e0affd360ce0a18aca3b143cdc5bc4ab1cebbb2da17874","838cba987c1ab4bb04e0affd360ce0a18aca3b143cdc5bc4ab1cebbb2da17874","838cba987c1ab4bb04e0affd360ce0a18aca3b143cdc5bc4ab1cebbb2da17874","–†–æ—Å—Å–∏—è","–ü–µ—Ä–µ–≤–æ–¥—á–∏–∫  - 3 –≥–æ–¥–∞ ; –î–ª—è –¥—É—à–∏ # –ß—Ç–µ–Ω–∏–µ  #","","89","79","2013-11-23","en","ru","–†–µ–ø–æ—Å—Ç. –¢–µ–º–Ω—ã–µ –≤—Ä–µ–º–µ–Ω–∞ –±–ª–∏–∑—è—Ç—Å—è http://t.co/godacJStck","2014-08-28 13:49","generationœÄ","","","","false","","","","","0","0","0","0","","[http://elim142.livejournal.com/24296.html]","",""
"490600723571539968","838cba987c1ab4bb04e0affd360ce0a18aca3b143cdc5bc4ab1cebbb2da17874","838cba987c1ab4bb04e0affd360ce0a18aca3b143cdc5bc4ab1cebbb2da17874","838cba987c1ab4bb04e0affd360ce0a18aca3b143cdc5bc4ab1cebbb2da17874","–†–æ—Å—Å–∏—è","–ü–µ—Ä–µ–≤–æ–¥—á–∏–∫  - 3 –≥–æ–¥–∞ ; –î–ª—è –¥—É—à–∏ # –ß—Ç–µ–Ω–∏–µ  #","","89","79","2013-11-23","en","und","*** http://t.co/qpmvojRvYx","2014-07-19 20:55","generationœÄ","","","","false","","","","","0","0","0","0","","[http://oksafius.livejournal.com/6535.html]","",""
"514826863001493504","838cba987c1ab4bb04e0affd360ce0a18aca3b143cdc5bc4ab1cebbb2da17874","838cba987c1ab4bb04e0affd360ce0a18aca3b143cdc5bc4ab1cebbb2da17874","838cba987c1ab4bb04e0affd360ce0a18aca3b143cdc5bc4ab1cebbb2da17874","–†–æ—Å—Å–∏—è","–ü–µ—Ä–µ–≤–æ–¥—á–∏–∫  - 3 –≥–æ–¥–∞ ; –î–ª—è –¥—É—à–∏ # –ß—Ç–µ–Ω–∏–µ  #","","89","79","2013-11-23","en","ru","–î–æ—Å—Ç–æ–π–Ω–æ–µ –º–Ω–µ–Ω–∏–µ. –£–∫—Ä–∞–∏–Ω–∞ –æ—Ç–≤–µ—Ç–∏—Ç –∑–∞ —Å–≤–æ–∏ –∑–≤–µ—Ä—Å—Ç–≤–∞ http://t.co/zUB5FpFxa9","2014-09-24 17:21","generationœÄ","","","","false","","","","","0","0","0","0","","[http://geobf.livejournal.com/57837.html]","",""
"504578830603132928","838cba987c1ab4bb04e0affd360ce0a18aca3b143cdc5bc4ab1cebbb2da17874","838cba987c1ab4bb04e0affd360ce0a18aca3b143cdc5bc4ab1cebbb2da17874","838cba987c1ab4bb04e0affd360ce0a18aca3b143cdc5bc4ab1cebbb2da17874","–†–æ—Å—Å–∏—è","–ü–µ—Ä–µ–≤–æ–¥—á–∏–∫  - 3 –≥–æ–¥–∞ ; –î–ª—è –¥—É—à–∏ # –ß—Ç–µ–Ω–∏–µ  #","","89","79","2013-11-23","en","ru","–Æ–Ω—ã–π –∞–º–µ—Ä–∏–∫–∞–Ω–µ—Ü –ø—Ä–∏—à–µ–ª –≤ –¥–µ—Ç—Å–∫–∏–π —Å–∞–¥, –≤–æ–æ—Ä—É–∂–∏–≤—à–∏—Å—å –¥–æ –∑—É–±–æ–≤ http://t.co/CtbD7fc5oi","2014-08-27 10:39","generationœÄ","","","","false","","","","","0","0","0","0","","[http://duxtif.livejournal.com/50096.html]","",""
"504573048151089152","838cba987c1ab4bb04e0affd360ce0a18aca3b143cdc5bc4ab1cebbb2da17874","838cba987c1ab4bb04e0affd360ce0a18aca3b143cdc5bc4ab1cebbb2da17874","838cba987c1ab4bb04e0affd360ce0a18aca3b143cdc5bc4ab1cebbb2da17874","–†–æ—Å—Å–∏—è","–ü–µ—Ä–µ–≤–æ–¥—á–∏–∫  - 3 –≥–æ–¥–∞ ; –î–ª—è –¥—É—à–∏ # –ß—Ç–µ–Ω–∏–µ  #","","89","79","2013-11-23","en","ru","–û–¥–∏–Ω –∏–∑ –ª–∏–¥–µ—Ä–æ–≤ –æ–¥–µ—Å—Å–∫–æ–≥–æ –ï–≤—Ä–æ–º–∞–π–¥–∞–Ω–∞, –¥–µ–ø—É—Ç–∞—Ç –û–¥–µ—Å—Å–∫–æ–≥–æ –≥–æ—Ä—Å–æ–≤–µ—Ç–∞ –ê–ª–µ–∫—Å–∞–Ω–¥—Ä –û—Å—Ç–∞–ø–µ–Ω–∫–æ –æ–±—Ä–∞—Ç–∏–ª—Å—è –∫ —Å","2014-08-27 10:16","generationœÄ","","","","false","","","","","0","0","0","0","","","",""
"680566888481566720","97fcfaac60bfb4cbb634808f1f46e4d2a596f2d5578454518df7866dbc8c8e07","97fcfaac60bfb4cbb634808f1f46e4d2a596f2d5578454518df7866dbc8c8e07","97fcfaac60bfb4cbb634808f1f46e4d2a596f2d5578454518df7866dbc8c8e07","–ü–µ—Ç–µ—Ä–±—É—Ä–≥","—è –º—ã—Å–ª—é, –∑–Ω–∞—á–∏—Ç, —Å—É—â–µ—Å—Ç–≤—É—é! –Ω–æ —è –Ω–µ –º—ã—Å–ª—é","","429","443","2013-08-29","ru","ru","RT @zvezdanews: –ú–æ–Ω—Å–æ–Ω –ø—Ä–æ–∏–≥—Ä–∞–ª —Å–æ–ø–µ—Ä–Ω–∏–∫—É —á–µ—Ä–µ–∑ –ø–æ–ª–º–∏–Ω—É—Ç—ã –ø–æ—Å–ª–µ –Ω–∞—á–∞–ª–∞ –±–æ—è  https://t.co/aDV4zOP5JK  –§–æ—Ç–æ: monsonrus/Facebook https://t.co/‚Ä¶","2015-12-26 01:52","rostislav","","","","true","42617240","680554998539907073","","","0","0","0","0","[]","[http://tvzvezda.ru/news/vstrane_i_mire/content/201512260338-evwv.htm]","[42617240]",""
"563669218949083136","97fcfaac60bfb4cbb634808f1f46e4d2a596f2d5578454518df7866dbc8c8e07","97fcfaac60bfb4cbb634808f1f46e4d2a596f2d5578454518df7866dbc8c8e07","97fcfaac60bfb4cbb634808f1f46e4d2a596f2d5578454518df7866dbc8c8e07","–ü–µ—Ç–µ—Ä–±—É—Ä–≥","—è –º—ã—Å–ª—é, –∑–Ω–∞—á–∏—Ç, —Å—É—â–µ—Å—Ç–≤—É—é! –Ω–æ —è –Ω–µ –º—ã—Å–ª—é","","429","443","2013-08-29","ru","ru","RT @NovostiSPb: –û—á–µ–≤–∏–¥—Ü—ã: –≤ –∞–≤–∞—Ä–∏–∏ –Ω–∞ –°–æ—Ñ–∏–π—Å–∫–æ–π —É–ª–∏—Ü–µ —Å—Ç–æ–ª–∫–Ω—É–ª–∏—Å—å –ª–µ–≥–∫–æ–≤—É—à–∫–∞ –∏ –º–∞—Ä—à—Ä—É—Ç–∫–∞ http://t.co/0P8mM2o3zf","2015-02-06 12:03","iziaslav","","","","true","508761973","563662239127719936","","","0","0","0","0","","[http://bit.ly/1uiDrsF]","[508761973]",""
"671686592956899328","90b9434ca62e591afeaed45c8b86fe7def3d67862bc1420ee83444478dc340dd","90b9434ca62e591afeaed45c8b86fe7def3d67862bc1420ee83444478dc340dd","90b9434ca62e591afeaed45c8b86fe7def3d67862bc1420ee83444478dc340dd","–¢–∞–ª–ª–∏–Ω ","–∂–∏–≤—É –∏—Å–∫—É—Å—Å—Ç–≤–æ–º —Ñ–æ—Ç–æ–≥—Ä–∞—Ñ–∏–∏","","80","73","2014-06-23","ru","ru","RT @zubovnik: –ù–µ–æ–±—Ö–æ–¥–∏–º–∞ –ª–∏ –¥–ª—è –†–æ—Å—Å–∏–π—Å–∫–æ–π –∞—Ä–º–∏–∏ –∏ —Å–ø–µ—Ü—Å–ª—É–∂–± –Ω–æ–≤–∞—è –ø–æ–ª—É–∞–≤—Ç–æ–º–∞—Ç–∏—á–µ—Å–∫–∞—è —Å–Ω–∞–π–ø–µ—Ä—Å–∫–∞—è –≤–∏–Ω—Ç–æ–≤–∫–∞?","2015-12-01 13:45","TweetDeck","","","","true","2589513234","671686113480867843","","","0","0","0","0","[]","[]","[2589513234]",""
"800874669662408704","c0968f2efe66e2a75fb56cee7beeb14f4fe835aeb16447d86cfc89b5d527ffbc","c0968f2efe66e2a75fb56cee7beeb14f4fe835aeb16447d86cfc89b5d527ffbc","c0968f2efe66e2a75fb56cee7beeb14f4fe835aeb16447d86cfc89b5d527ffbc","Russia","–ú–∏–ª–∞ –Ω–∞–º –¥–æ–±—Ä–∞ –≤–µ—Å—Ç—å –æ –Ω–∞—à–µ–π —Å—Ç–æ—Ä–æ–Ω–µ: –û—Ç–µ—á–µ—Å—Ç–≤–∞ –∏ –¥—ã–º –Ω–∞–º —Å–ª–∞–¥–æ–∫.","","4831","1228","2014-06-18","ru","ru","RT @zvezdanews: –ñ–∏—Ç–µ–ª–µ–π –Ø–ø–æ–Ω–∏–∏ –ø—Ä–µ–¥—É–ø—Ä–µ–¥–∏–ª–∏ –æ –≤–æ–∑–º–æ–∂–Ω–æ–º –ø–æ–≤—Ç–æ—Ä–µ–Ω–∏–∏ –∑–µ–º–ª–µ—Ç—Ä—è—Å–µ–Ω–∏—è  https://t.co/ludb2l6x5L  –§–æ—Ç–æ: Richard Atrero De Guzman/G‚Ä¶","2016-11-22 01:32","Twitter Web Client","","","","true","42617240","800870363425030144","","","0","0","0","0","[]","[http://tvzvezda.ru/news/vstrane_i_mire/content/201611220354-pbcw.htm]","[42617240]",""
"897504329518665728","d4b6439d4f86dab28eea45fed60b7ce40f985e44b0f75199ee7076210eeee305","d4b6439d4f86dab28eea45fed60b7ce40f985e44b0f75199ee7076210eeee305","d4b6439d4f86dab28eea45fed60b7ce40f985e44b0f75199ee7076210eeee305","","","","1063","92","2017-04-13","ru","ru","–°—Ç—Ä–µ–ª—å–±–∞ —Å —É—á–∞—Å—Ç–∏–µ–º –ú–µ–ª—å–Ω–∏—á—É–∫–∞ –≤ –ö–∏–µ–≤–µ: –Ω–∞—Ä–¥–µ–ø –¥–∞–ª –ø–µ—Ä–≤—ã–π –∫–æ–º–º–µ–Ω—Ç–∞—Ä–∏–π https://t.co/JFLHHRdRlP","2017-08-15 17:04","Twitter Web Client","","","","false","","","","","0","0","0","0","[]","[https://goo.gl/yYACgH]","",""
"880688787529007108","d4b6439d4f86dab28eea45fed60b7ce40f985e44b0f75199ee7076210eeee305","d4b6439d4f86dab28eea45fed60b7ce40f985e44b0f75199ee7076210eeee305","d4b6439d4f86dab28eea45fed60b7ce40f985e44b0f75199ee7076210eeee305","","","","1063","92","2017-04-13","ru","ru","–ü–æ—Ä–æ—à–µ–Ω–∫–æ –æ—Ç–≤–µ—Ç–∏–ª –Ω–∞ –ø–µ—Ç–∏—Ü–∏—é –æ —Ä–∞–∑–±–ª–æ–∫–∏—Ä–æ–≤–∞–Ω–∏–∏ ""–í–∫–æ–Ω—Ç–∞–∫—Ç–µ"" https://t.co/jiTLobRQMm","2017-06-30 07:25","Twitter Web Client","","","","false","","","","","0","0","0","0","[]","[https://goo.gl/q2QLqU]","",""
"820207183841337344","8e58ab0f46d273103d9e71aa92cdaffb6e330ec7d15ae5fa79c825e2d6f291bf","8e58ab0f46d273103d9e71aa92cdaffb6e330ec7d15ae5fa79c825e2d6f291bf","8e58ab0f46d273103d9e71aa92cdaffb6e330ec7d15ae5fa79c825e2d6f291bf","","In bad luck, hold out; in good luck, hold in. Slow and steady wins the race and the road to a friends house is never long. #teamblack #antiracist","","881","834","2013-09-16","en","en","RT @MTVNews: SO. DAMN. CUTE. https://t.co/tiUjVi4JrO","2017-01-14 09:53","Twitter Web Client","","","","true","40076725","820202831726735361","","","0","0","0","0","[]","[http://on.mtv.com/2ithG7A]","[40076725]",""
"845544366579957760","8e58ab0f46d273103d9e71aa92cdaffb6e330ec7d15ae5fa79c825e2d6f291bf","8e58ab0f46d273103d9e71aa92cdaffb6e330ec7d15ae5fa79c825e2d6f291bf","8e58ab0f46d273103d9e71aa92cdaffb6e330ec7d15ae5fa79c825e2d6f291bf","","In bad luck, hold out; in good luck, hold in. Slow and steady wins the race and the road to a friends house is never long. #teamblack #antiracist","","881","834","2013-09-16","en","en","RT @Real923LA: A few of our lucky listeners hanging out at the Palladium tonight, waiting for @BigSean tonight! #BigSean #IDecidedTour http‚Ä¶","2017-03-25 07:54","Twitter Web Client","","","","true","3018111009","845460210445541377","","","0","0","0","0","[BigSean, IDecidedTour]","[]","[3018111009, 17915334]",""
"855940331451187201","8e58ab0f46d273103d9e71aa92cdaffb6e330ec7d15ae5fa79c825e2d6f291bf","8e58ab0f46d273103d9e71aa92cdaffb6e330ec7d15ae5fa79c825e2d6f291bf","8e58ab0f46d273103d9e71aa92cdaffb6e330ec7d15ae5fa79c825e2d6f291bf","","In bad luck, hold out; in good luck, hold in. Slow and steady wins the race and the road to a friends house is never long. #teamblack #antiracist","","881","834","2013-09-16","en","en","RT @ReignOfApril: The Immortal Life of #HenriettaLacks starring @Oprah and @ReneeGoldsberry starts NOW on @hbo.","2017-04-23 00:24","Twitter Web Client","","","","true","119972954","855934951027552256","","","0","0","0","0","[HenriettaLacks]","[]","[163724029, 19397785, 119972954, 15635604]",""
